"Station Name","YORKTON A"
"Province","SASKATCHEWAN"
"Latitude","51.27"
"Longitude","-102.47"
"Elevation","498.30"
"Climate Identifier","4019080"
"WMO Identifier","71138"
"TC Identifier","YQV"
"All times are specified in Local Standard Time (LST). Add 1 hour to adjust for Daylight Saving Time where and when it is observed."

"Legend"
"E","Estimated"
"M","Missing"
"NA","Not Available"
"‡","Partner data that is not subject to review by the National Climate Archives"

"Date/Time","Year","Month","Day","Time","Data Quality","Temp (°C)","Temp Flag","Dew Point Temp (°C)","Dew Point Temp Flag","Rel Hum (%)","Rel Hum Flag","Wind Dir (10s deg)","Wind Dir Flag","Wind Spd (km/h)","Wind Spd Flag","Visibility (km)","Visibility Flag","Stn Press (kPa)","Stn Press Flag","Hmdx","Hmdx Flag","Wind Chill","Wind Chill Flag","Weather"
"1998-03-01 00:00","1998","03","01","00:00"," ","-9.9","","-11.5","","88","","33","","19","","4.0","","96.06","","","","-18","","Snow"
"1998-03-01 01:00","1998","03","01","01:00"," ","-9.8","","-11.2","","89","","33","","22","","3.2","","96.06","","","","-18","","Snow"
"1998-03-01 02:00","1998","03","01","02:00"," ","-9.6","","-11.1","","89","","33","","20","","4.0","","96.09","","","","-17","","Snow"
"1998-03-01 03:00","1998","03","01","03:00"," ","-9.1","","-10.6","","89","","34","","24","","4.0","","96.12","","","","-17","","Snow"
"1998-03-01 04:00","1998","03","01","04:00"," ","-9.1","","-10.0","","93","","35","","22","","16.1","","96.09","","","","-17","","Snow"
"1998-03-01 05:00","1998","03","01","05:00"," ","-9.1","","-9.7","","95","","35","","22","","6.4","","96.12","","","","-17","","Snow"
"1998-03-01 06:00","1998","03","01","06:00"," ","-9.3","","-10.2","","93","","35","","22","","8.0","","96.15","","","","-17","","Snow"
"1998-03-01 07:00","1998","03","01","07:00"," ","-9.5","","-10.2","","95","","34","","22","","19.3","","96.19","","","","-18","","Snow"
"1998-03-01 08:00","1998","03","01","08:00"," ","-9.8","","-10.5","","95","","34","","20","","19.3","","96.22","","","","-18","","Cloudy"
"1998-03-01 09:00","1998","03","01","09:00"," ","-9.5","","-10.5","","92","","34","","20","","19.3","","96.22","","","","-17","","Cloudy"
"1998-03-01 10:00","1998","03","01","10:00"," ","-9.0","","-10.4","","90","","35","","19","","24.1","","96.22","","","","-16","","Mostly Cloudy"
"1998-03-01 11:00","1998","03","01","11:00"," ","-8.4","","-10.5","","85","","36","","19","","24.1","","96.25","","","","-16","","Cloudy"
"1998-03-01 12:00","1998","03","01","12:00"," ","-8.4","","-10.5","","85","","35","","17","","24.1","","96.28","","","","-15","","Snow"
"1998-03-01 13:00","1998","03","01","13:00"," ","-7.9","","-9.8","","86","","35","","15","","16.1","","96.25","","","","-14","","Snow"
"1998-03-01 14:00","1998","03","01","14:00"," ","-7.7","","-9.9","","84","","36","","15","","16.1","","96.25","","","","-14","","Snow"
"1998-03-01 15:00","1998","03","01","15:00"," ","-7.2","","-9.3","","85","","1","","19","","24.1","","96.22","","","","-14","","Snow"
"1998-03-01 16:00","1998","03","01","16:00"," ","-7.3","","-9.2","","86","","35","","17","","9.7","","96.25","","","","-14","","Snow"
"1998-03-01 17:00","1998","03","01","17:00"," ","-7.4","","-8.8","","90","","35","","15","","3.2","","96.28","","","","-14","","Snow"
"1998-03-01 18:00","1998","03","01","18:00"," ","-7.4","","-8.6","","91","","35","","13","","4.0","","96.28","","","","-13","","Snow"
"1998-03-01 19:00","1998","03","01","19:00"," ","-7.5","","-8.5","","93","","34","","11","","4.0","","96.32","","","","-13","","Snow"
"1998-03-01 20:00","1998","03","01","20:00"," ","-7.7","","-8.6","","93","","32","","11","","19.3","","96.35","","","","-13","","Snow"
"1998-03-01 21:00","1998","03","01","21:00"," ","-7.9","","-8.8","","93","","34","","9","","24.1","","96.38","","","","-12","","Cloudy"
"1998-03-01 22:00","1998","03","01","22:00"," ","-8.1","","-9.0","","93","","2","","11","","24.1","","96.38","","","","-13","","Cloudy"
"1998-03-01 23:00","1998","03","01","23:00"," ","-9.2","","-10.4","","91","","1","","7","","24.1","","96.38","","","","-13","","Cloudy"
"1998-03-02 00:00","1998","03","02","00:00"," ","-9.1","","-10.1","","92","","3","","13","","24.1","","96.38","","","","-15","","Cloudy"
"1998-03-02 01:00","1998","03","02","01:00"," ","-10.1","","-10.8","","95","","2","","11","","24.1","","96.41","","","","-16","","Cloudy"
"1998-03-02 02:00","1998","03","02","02:00"," ","-10.8","","-11.3","","96","","36","","6","","24.1","","96.41","","","","-14","","Cloudy"
"1998-03-02 03:00","1998","03","02","03:00"," ","-10.3","","-10.9","","95","","34","","6","","24.1","","96.44","","","","-14","","Cloudy"
"1998-03-02 04:00","1998","03","02","04:00"," ","-10.3","","-11.0","","95","","36","","7","","24.1","","96.44","","","","-14","","Cloudy"
"1998-03-02 05:00","1998","03","02","05:00"," ","-10.7","","-11.4","","95","","34","","6","","8.0","","96.48","","","","-14","","Fog"
"1998-03-02 06:00","1998","03","02","06:00"," ","-10.4","","-10.9","","96","","34","","7","","6.4","","96.48","","","","-14","","Fog"
"1998-03-02 07:00","1998","03","02","07:00"," ","-10.4","","-11.2","","94","","34","","9","","1.6","","96.51","","","","-15","","Fog"
"1998-03-02 08:00","1998","03","02","08:00"," ","-10.4","","-11.1","","95","","36","","7","","1.2","","96.51","","","","-14","","Freezing Drizzle,Fog"
"1998-03-02 09:00","1998","03","02","09:00"," ","-10.5","","-11.0","","96","","36","","7","","2.4","","96.51","","","","-15","","Freezing Drizzle,Fog"
"1998-03-02 10:00","1998","03","02","10:00"," ","-10.6","","-10.8","","98","","36","","6","","0.8","","96.51","","","","-14","","Freezing Drizzle,Fog"
"1998-03-02 11:00","1998","03","02","11:00"," ","-10.0","","-10.3","","98","","1","","6","","1.2","","96.51","","","","-14","","Fog"
"1998-03-02 12:00","1998","03","02","12:00"," ","-9.7","","-9.9","","98","","1","","9","","4.0","","96.51","","","","-15","","Fog"
"1998-03-02 13:00","1998","03","02","13:00"," ","-9.5","","-9.9","","97","","1","","9","","12.9","","96.48","","","","-14","","Cloudy"
"1998-03-02 14:00","1998","03","02","14:00"," ","-9.1","","-9.6","","96","","34","","11","","24.1","","96.44","","","","-15","","Mostly Cloudy"
"1998-03-02 15:00","1998","03","02","15:00"," ","-9.0","","-9.6","","95","","1","","6","","24.1","","96.41","","","","-12","","Mostly Cloudy"
"1998-03-02 16:00","1998","03","02","16:00"," ","-8.5","","-9.4","","93","","36","","4","","24.1","","96.38","","","","-11","","Mostly Cloudy"
"1998-03-02 17:00","1998","03","02","17:00"," ","-8.2","","-9.4","","91","","28","","4","","24.1","","96.38","","","","-10","","Mostly Cloudy"
"1998-03-02 18:00","1998","03","02","18:00"," ","-8.0","","-9.5","","89","","31","","4","","24.1","","96.32","","","","-10","","Mostly Cloudy"
"1998-03-02 19:00","1998","03","02","19:00"," ","-8.1","","-9.8","","88","","","","0","","24.1","","96.35","","","","","","Cloudy"
"1998-03-02 20:00","1998","03","02","20:00"," ","-8.2","","-9.7","","89","","29","","7","","24.1","","96.32","","","","-12","","Cloudy"
"1998-03-02 21:00","1998","03","02","21:00"," ","-8.2","","-9.7","","89","","29","","7","","24.1","","96.28","","","","-12","","Mostly Cloudy"
"1998-03-02 22:00","1998","03","02","22:00"," ","-8.5","","-9.9","","90","","32","","6","","24.1","","96.25","","","","-12","","Cloudy"
"1998-03-02 23:00","1998","03","02","23:00"," ","-8.5","","-9.7","","91","","34","","9","","24.1","","96.22","","","","-13","","Cloudy"
"1998-03-03 00:00","1998","03","03","00:00"," ","-8.1","","-9.2","","92","","34","","9","","24.1","","96.22","","","","-13","","Cloudy"
"1998-03-03 01:00","1998","03","03","01:00"," ","-7.8","","-8.7","","93","","2","","15","","24.1","","96.19","","","","-14","","Cloudy"
"1998-03-03 02:00","1998","03","03","02:00"," ","-7.9","","-8.6","","95","","2","","15","","24.1","","96.19","","","","-14","","Cloudy"
"1998-03-03 03:00","1998","03","03","03:00"," ","-8.3","","-8.9","","95","","3","","15","","24.1","","96.19","","","","-15","","Cloudy"
"1998-03-03 04:00","1998","03","03","04:00"," ","-8.7","","-9.3","","95","","3","","15","","24.1","","96.12","","","","-15","","Cloudy"
"1998-03-03 05:00","1998","03","03","05:00"," ","-9.1","","-9.7","","95","","2","","15","","24.1","","96.15","","","","-16","","Cloudy"
"1998-03-03 06:00","1998","03","03","06:00"," ","-10.7","","-11.3","","95","","3","","17","","12.9","","96.15","","","","-18","","Cloudy"
"1998-03-03 07:00","1998","03","03","07:00"," ","-10.9","","-11.7","","94","","3","","17","","12.9","","96.15","","","","-18","","Cloudy"
"1998-03-03 08:00","1998","03","03","08:00"," ","-11.3","","-11.9","","95","","2","","13","","2.4","","96.15","","","","-18","","Fog"
"1998-03-03 09:00","1998","03","03","09:00"," ","-11.4","","-12.0","","95","","5","","15","","4.0","","96.15","","","","-18","","Fog"
"1998-03-03 10:00","1998","03","03","10:00"," ","-11.9","","-12.7","","94","","3","","11","","6.4","","96.15","","","","-18","","Fog"
"1998-03-03 11:00","1998","03","03","11:00"," ","-12.0","","-12.7","","95","","2","","13","","12.9","","96.15","","","","-19","","Snow"
"1998-03-03 12:00","1998","03","03","12:00"," ","-12.4","","-13.0","","95","","1","","13","","16.1","","96.12","","","","-19","","Snow"
"1998-03-03 13:00","1998","03","03","13:00"," ","-11.9","","-12.9","","92","","1","","17","","24.1","","96.12","","","","-20","","Clear"
"1998-03-03 14:00","1998","03","03","14:00"," ","-11.9","","-12.9","","92","","2","","17","","24.1","","96.09","","","","-20","","Clear"
"1998-03-03 15:00","1998","03","03","15:00"," ","-11.5","","-12.8","","90","","1","","13","","24.1","","96.09","","","","-18","","Clear"
"1998-03-03 16:00","1998","03","03","16:00"," ","-11.4","","-13.0","","88","","36","","13","","24.1","","96.09","","","","-18","","Clear"
"1998-03-03 17:00","1998","03","03","17:00"," ","-12.2","","-14.2","","85","","36","","11","","24.1","","96.09","","","","-18","","Clear"
"1998-03-03 18:00","1998","03","03","18:00"," ","-13.5","","-15.3","","86","","1","","11","","24.1","","96.09","","","","-20","","Clear"
"1998-03-03 19:00","1998","03","03","19:00"," ","-15.9","","-16.9","","92","","34","","13","","24.1","","96.09","","","","-23","","Clear"
"1998-03-03 20:00","1998","03","03","20:00"," ","-16.3","","-18.2","","85","","34","","15","","24.1","","96.09","","","","-25","","Clear"
"1998-03-03 21:00","1998","03","03","21:00"," ","-16.6","","-17.9","","90","","35","","13","","24.1","","96.12","","","","-24","","Clear"
"1998-03-03 22:00","1998","03","03","22:00"," ","-17.7","","-18.3","","95","","36","","9","","24.1","","96.15","","","","-24","","Clear"
"1998-03-03 23:00","1998","03","03","23:00"," ","-17.7","","-19.0","","90","","2","","7","","24.1","","96.15","","","","-23","","Clear"
"1998-03-04 00:00","1998","03","04","00:00"," ","-17.9","","-18.9","","92","","36","","6","","24.1","","96.19","","","","-23","","Clear"
"1998-03-04 01:00","1998","03","04","01:00"," ","-17.6","","-18.5","","93","","34","","7","","24.1","","96.22","","","","-23","","Clear"
"1998-03-04 02:00","1998","03","04","02:00"," ","-18.6","","-19.1","","96","","34","","7","","24.1","","96.28","","","","-24","","Clear"
"1998-03-04 03:00","1998","03","04","03:00"," ","-18.2","","-23.2","","65","","33","","6","","24.1","","96.28","","","","-23","","Clear"
"1998-03-04 04:00","1998","03","04","04:00"," ","-19.4","","-22.4","","77","","34","","7","","24.1","","96.28","","","","-25","","Clear"
"1998-03-04 05:00","1998","03","04","05:00"," ","-20.5","","-23.6","","76","","35","","9","","24.1","","96.28","","","","-27","","Clear"
"1998-03-04 06:00","1998","03","04","06:00"," ","-20.4","","-23.7","","75","","","","0","","24.1","","96.28","","","","","","Clear"
"1998-03-04 07:00","1998","03","04","07:00"," ","-19.9","","-22.9","","77","","34","","9","","24.1","","96.32","","","","-27","","Clear"
"1998-03-04 08:00","1998","03","04","08:00"," ","-21.6","","-25.1","","73","","33","","7","","24.1","","96.35","","","","-28","","Clear"
"1998-03-04 09:00","1998","03","04","09:00"," ","-20.3","","-22.9","","80","","32","","6","","24.1","","96.38","","","","-25","","Clear"
"1998-03-04 10:00","1998","03","04","10:00"," ","-18.4","","-21.0","","80","","34","","7","","24.1","","96.38","","","","-24","","Clear"
"1998-03-04 11:00","1998","03","04","11:00"," ","-17.0","","-19.2","","83","","34","","9","","24.1","","96.44","","","","-23","","Clear"
"1998-03-04 12:00","1998","03","04","12:00"," ","-15.9","","-18.1","","83","","36","","7","","24.1","","96.41","","","","-21","","Clear"
"1998-03-04 13:00","1998","03","04","13:00"," ","-14.3","","-16.4","","84","","36","","6","","24.1","","96.41","","","","-18","","Clear"
"1998-03-04 14:00","1998","03","04","14:00"," ","-13.0","","-15.4","","82","","36","","9","","24.1","","96.41","","","","-18","","Clear"
"1998-03-04 15:00","1998","03","04","15:00"," ","-11.5","","-13.9","","82","","35","","7","","24.1","","96.41","","","","-16","","Clear"
"1998-03-04 16:00","1998","03","04","16:00"," ","-10.6","","-13.2","","81","","36","","7","","24.1","","96.44","","","","-15","","Clear"
"1998-03-04 17:00","1998","03","04","17:00"," ","-11.2","","-13.6","","82","","36","","7","","24.1","","96.41","","","","-15","","Clear"
"1998-03-04 18:00","1998","03","04","18:00"," ","-11.6","","-14.5","","79","","35","","11","","24.1","","96.41","","","","-18","","Clear"
"1998-03-04 19:00","1998","03","04","19:00"," ","-13.4","","-15.7","","83","","36","","9","","24.1","","96.44","","","","-19","","Clear"
"1998-03-04 20:00","1998","03","04","20:00"," ","-13.9","","-16.3","","82","","34","","7","","24.1","","96.44","","","","-19","","Clear"
"1998-03-04 21:00","1998","03","04","21:00"," ","-15.6","","-17.7","","84","","30","","7","","24.1","","96.44","","","","-21","","Clear"
"1998-03-04 22:00","1998","03","04","22:00"," ","-19.4","","-20.8","","89","","30","","6","","24.1","","96.44","","","","-24","","Clear"
"1998-03-04 23:00","1998","03","04","23:00"," ","-16.6","","-18.4","","86","","30","","7","","24.1","","96.44","","","","-22","","Clear"
"1998-03-05 00:00","1998","03","05","00:00"," ","-18.1","","-20.9","","79","","28","","7","","24.1","","96.44","","","","-23","","Clear"
"1998-03-05 01:00","1998","03","05","01:00"," ","-21.1","","-23.8","","79","","","","0","","24.1","","96.44","","","","","","Clear"
"1998-03-05 02:00","1998","03","05","02:00"," ","-20.5","","-23.9","","74","","","","0","","24.1","","96.41","","","","","","Clear"
"1998-03-05 03:00","1998","03","05","03:00"," ","-23.5","","-27.0","","73","","","","0","","24.1","","96.38","","","","","","Clear"
"1998-03-05 04:00","1998","03","05","04:00"," ","-22.7","","-26.3","","72","","","","0","","19.3","","96.38","","","","","","Clear"
"1998-03-05 05:00","1998","03","05","05:00"," ","-24.2","","-28.2","","69","","","","0","","24.1","","96.38","","","","","","Mainly Clear"
"1998-03-05 06:00","1998","03","05","06:00"," ","-24.6","","-27.5","","77","","","","0","","24.1","","96.35","","","","","","Mainly Clear"
"1998-03-05 07:00","1998","03","05","07:00"," ","-23.3","","-26.1","","78","","33","","6","","1.2","","96.32","","","","-29","","Fog"
"1998-03-05 08:00","1998","03","05","08:00"," ","-23.0","","-26.8","","71","","27","","6","","0.8","","96.32","","","","-28","","Fog"
"1998-03-05 09:00","1998","03","05","09:00"," ","-23.4","","-25.9","","80","","35","","4","","4.8","","96.25","","","","-27","","Fog"
"1998-03-05 10:00","1998","03","05","10:00"," ","-20.5","","-23.1","","80","","","","0","","9.7","","96.25","","","","","","Fog"
"1998-03-05 11:00","1998","03","05","11:00"," ","-17.8","","-19.8","","84","","33","","4","","16.1","","96.22","","","","-21","","Mainly Clear"
"1998-03-05 12:00","1998","03","05","12:00"," ","-16.5","","-17.9","","89","","2","","4","","24.1","","96.19","","","","-20","","Clear"
"1998-03-05 13:00","1998","03","05","13:00"," ","-14.1","","-16.0","","85","","5","","2","","24.1","","96.15","","","","-15","","Mainly Clear"
"1998-03-05 14:00","1998","03","05","14:00"," ","-12.6","","-15.0","","82","","33","","4","","24.1","","96.09","","","","-15","","Mainly Clear"
"1998-03-05 15:00","1998","03","05","15:00"," ","-11.0","","-14.1","","78","","","","0","","24.1","","96.06","","","","","","Mainly Clear"
"1998-03-05 16:00","1998","03","05","16:00"," ","-8.9","","-13.5","","69","","","","0","","24.1","","96.02","","","","","","Mainly Clear"
"1998-03-05 17:00","1998","03","05","17:00"," ","-9.4","","-13.3","","73","","","","0","","24.1","","96.02","","","","","","Mainly Clear"
"1998-03-05 18:00","1998","03","05","18:00"," ","-10.7","","-14.4","","74","","","","0","","24.1","","95.99","","","","","","Mainly Clear"
"1998-03-05 19:00","1998","03","05","19:00"," ","-10.0","","-15.0","","67","","27","","4","","24.1","","95.99","","","","-12","","Mostly Cloudy"
"1998-03-05 20:00","1998","03","05","20:00"," ","-9.7","","-13.9","","71","","32","","4","","24.1","","95.96","","","","-12","","Cloudy"
"1998-03-05 21:00","1998","03","05","21:00"," ","-9.9","","-14.0","","72","","33","","11","","24.1","","95.93","","","","-15","","Cloudy"
"1998-03-05 22:00","1998","03","05","22:00"," ","-10.8","","-14.1","","77","","33","","6","","24.1","","95.93","","","","-14","","Cloudy"
"1998-03-05 23:00","1998","03","05","23:00"," ","-11.1","","-14.1","","78","","30","","7","","24.1","","95.90","","","","-15","","Cloudy"
"1998-03-06 00:00","1998","03","06","00:00"," ","-11.1","","-14.0","","79","","26","","7","","24.1","","95.86","","","","-15","","Cloudy"
"1998-03-06 01:00","1998","03","06","01:00"," ","-11.3","","-13.8","","82","","29","","4","","24.1","","95.83","","","","-14","","Cloudy"
"1998-03-06 02:00","1998","03","06","02:00"," ","-11.1","","-13.3","","84","","32","","6","","24.1","","95.83","","","","-15","","Cloudy"
"1998-03-06 03:00","1998","03","06","03:00"," ","-11.5","","-14.1","","81","","32","","6","","24.1","","95.80","","","","-15","","Cloudy"
"1998-03-06 04:00","1998","03","06","04:00"," ","-13.1","","-15.5","","82","","29","","4","","24.1","","95.80","","","","-16","","Mostly Cloudy"
"1998-03-06 05:00","1998","03","06","05:00"," ","-13.4","","-15.7","","83","","30","","6","","24.1","","95.80","","","","-17","","Mostly Cloudy"
"1998-03-06 06:00","1998","03","06","06:00"," ","-14.6","","-16.9","","83","","29","","6","","24.1","","95.77","","","","-19","","Mostly Cloudy"
"1998-03-06 07:00","1998","03","06","07:00"," ","-15.4","","-18.2","","79","","30","","7","","24.1","","95.77","","","","-20","","Mostly Cloudy"
"1998-03-06 08:00","1998","03","06","08:00"," ","-13.4","","-17.4","","72","","33","","11","","24.1","","95.80","","","","-20","","Mostly Cloudy"
"1998-03-06 09:00","1998","03","06","09:00"," ","-12.5","","-16.6","","71","","35","","7","","24.1","","95.80","","","","-17","","Mostly Cloudy"
"1998-03-06 10:00","1998","03","06","10:00"," ","-11.4","","-15.3","","73","","35","","13","","24.1","","95.80","","","","-18","","Cloudy"
"1998-03-06 11:00","1998","03","06","11:00"," ","-10.2","","-15.0","","68","","35","","17","","24.1","","95.83","","","","-17","","Cloudy"
"1998-03-06 12:00","1998","03","06","12:00"," ","-9.7","","-13.4","","74","","34","","15","","24.1","","95.86","","","","-16","","Cloudy"
"1998-03-06 13:00","1998","03","06","13:00"," ","-9.5","","-13.6","","72","","35","","17","","24.1","","95.90","","","","-17","","Cloudy"
"1998-03-06 14:00","1998","03","06","14:00"," ","-8.0","","-12.2","","72","","36","","19","","24.1","","95.86","","","","-15","","Mostly Cloudy"
"1998-03-06 15:00","1998","03","06","15:00"," ","-7.5","","-11.4","","74","","1","","15","","24.1","","95.86","","","","-14","","Mostly Cloudy"
"1998-03-06 16:00","1998","03","06","16:00"," ","-7.9","","-11.7","","74","","36","","13","","24.1","","95.90","","","","-14","","Mostly Cloudy"
"1998-03-06 17:00","1998","03","06","17:00"," ","-8.5","","-12.1","","75","","36","","9","","24.1","","95.90","","","","-13","","Mostly Cloudy"
"1998-03-06 18:00","1998","03","06","18:00"," ","-9.4","","-12.8","","76","","36","","11","","24.1","","95.93","","","","-15","","Mostly Cloudy"
"1998-03-06 19:00","1998","03","06","19:00"," ","-11.2","","-13.3","","84","","35","","13","","24.1","","95.96","","","","-18","","Cloudy"
"1998-03-06 20:00","1998","03","06","20:00"," ","-13.4","","-14.4","","92","","34","","17","","24.1","","95.99","","","","-21","","Mostly Cloudy"
"1998-03-06 21:00","1998","03","06","21:00"," ","-14.1","","-15.1","","92","","34","","17","","24.1","","96.06","","","","-22","","Mostly Cloudy"
"1998-03-06 22:00","1998","03","06","22:00"," ","-15.1","","-15.9","","94","","36","","7","","24.1","","96.12","","","","-20","","Mostly Cloudy"
"1998-03-06 23:00","1998","03","06","23:00"," ","-15.0","","-15.9","","93","","34","","7","","24.1","","96.12","","","","-20","","Cloudy"
"1998-03-07 00:00","1998","03","07","00:00"," ","-13.6","","-14.9","","90","","3","","6","","24.1","","96.19","","","","-18","","Cloudy"
"1998-03-07 01:00","1998","03","07","01:00"," ","-14.4","","-15.7","","90","","1","","4","","24.1","","96.19","","","","-17","","Cloudy"
"1998-03-07 02:00","1998","03","07","02:00"," ","-14.4","","-16.0","","88","","34","","6","","24.1","","96.22","","","","-19","","Cloudy"
"1998-03-07 03:00","1998","03","07","03:00"," ","-14.5","","-16.1","","88","","34","","11","","24.1","","96.25","","","","-21","","Cloudy"
"1998-03-07 04:00","1998","03","07","04:00"," ","-14.7","","-15.9","","91","","36","","7","","24.1","","96.25","","","","-19","","Snow"
"1998-03-07 05:00","1998","03","07","05:00"," ","-14.1","","-15.3","","91","","1","","9","","24.1","","96.28","","","","-20","","Snow"
"1998-03-07 06:00","1998","03","07","06:00"," ","-13.4","","-14.6","","91","","2","","7","","4.8","","96.32","","","","-18","","Snow"
"1998-03-07 07:00","1998","03","07","07:00"," ","-13.4","","-14.4","","92","","1","","9","","2.0","","96.35","","","","-19","","Snow"
"1998-03-07 08:00","1998","03","07","08:00"," ","-13.4","","-14.6","","91","","36","","7","","2.4","","96.38","","","","-18","","Snow"
"1998-03-07 09:00","1998","03","07","09:00"," ","-13.2","","-14.3","","91","","36","","9","","6.4","","96.41","","","","-19","","Snow"
"1998-03-07 10:00","1998","03","07","10:00"," ","-13.7","","-15.1","","89","","36","","13","","8.0","","96.44","","","","-21","","Snow"
"1998-03-07 11:00","1998","03","07","11:00"," ","-13.4","","-14.8","","89","","36","","11","","4.8","","96.48","","","","-20","","Snow"
"1998-03-07 12:00","1998","03","07","12:00"," ","-12.8","","-14.4","","88","","1","","13","","24.1","","96.48","","","","-20","","Cloudy"
"1998-03-07 13:00","1998","03","07","13:00"," ","-11.9","","-13.5","","88","","2","","11","","3.2","","96.48","","","","-18","","Snow"
"1998-03-07 14:00","1998","03","07","14:00"," ","-11.9","","-13.7","","86","","1","","11","","24.1","","96.44","","","","-18","","Cloudy"
"1998-03-07 15:00","1998","03","07","15:00"," ","-11.4","","-13.7","","83","","36","","13","","24.1","","96.44","","","","-18","","Cloudy"
"1998-03-07 16:00","1998","03","07","16:00"," ","-11.3","","-13.6","","83","","2","","13","","24.1","","96.48","","","","-18","","Cloudy"
"1998-03-07 17:00","1998","03","07","17:00"," ","-11.4","","-13.8","","82","","1","","11","","19.3","","96.51","","","","-17","","Snow"
"1998-03-07 18:00","1998","03","07","18:00"," ","-12.4","","-14.5","","84","","2","","6","","24.1","","96.51","","","","-16","","Cloudy"
"1998-03-07 19:00","1998","03","07","19:00"," ","-12.8","","-14.7","","86","","35","","6","","24.1","","96.57","","","","-17","","Cloudy"
"1998-03-07 20:00","1998","03","07","20:00"," ","-12.9","","-14.4","","88","","33","","7","","16.1","","96.64","","","","-17","","Snow"
"1998-03-07 21:00","1998","03","07","21:00"," ","-14.2","","-15.2","","92","","33","","6","","19.3","","96.64","","","","-18","","Snow"
"1998-03-07 22:00","1998","03","07","22:00"," ","-16.9","","-17.5","","95","","34","","6","","19.3","","96.67","","","","-21","","Ice Crystals"
"1998-03-07 23:00","1998","03","07","23:00"," ","-16.2","","-17.1","","93","","34","","7","","9.7","","96.67","","","","-21","","Ice Crystals"
"1998-03-08 00:00","1998","03","08","00:00"," ","-16.3","","-17.4","","91","","35","","7","","9.7","","96.67","","","","-21","","Ice Crystals"
"1998-03-08 01:00","1998","03","08","01:00"," ","-16.1","","-17.3","","90","","34","","9","","6.4","","96.70","","","","-22","","Ice Crystals"
"1998-03-08 02:00","1998","03","08","02:00"," ","-15.9","","-16.8","","93","","36","","9","","6.4","","96.74","","","","-22","","Snow"
"1998-03-08 03:00","1998","03","08","03:00"," ","-16.1","","-17.2","","91","","35","","7","","4.8","","96.77","","","","-21","","Ice Crystals"
"1998-03-08 04:00","1998","03","08","04:00"," ","-16.3","","-17.1","","94","","34","","11","","4.8","","96.80","","","","-23","","Ice Crystals"
"1998-03-08 05:00","1998","03","08","05:00"," ","-16.5","","-17.7","","90","","34","","9","","4.8","","96.83","","","","-23","","Ice Crystals"
"1998-03-08 06:00","1998","03","08","06:00"," ","-17.7","","-18.9","","90","","34","","13","","4.8","","96.86","","","","-26","","Ice Crystals"
"1998-03-08 07:00","1998","03","08","07:00"," ","-19.1","","-19.7","","95","","33","","11","","9.7","","96.90","","","","-27","","Ice Crystals"
"1998-03-08 08:00","1998","03","08","08:00"," ","-18.8","","-19.6","","93","","32","","11","","4.8","","96.93","","","","-26","","Snow"
"1998-03-08 09:00","1998","03","08","09:00"," ","-19.9","","-20.9","","92","","31","","11","","3.2","","97.03","","","","-28","","Snow"
"1998-03-08 10:00","1998","03","08","10:00"," ","-19.9","","-27.6","","50","","31","","17","","19.3","","97.06","","","","-30","","Ice Crystals"
"1998-03-08 11:00","1998","03","08","11:00"," ","-19.1","","-23.7","","67","","32","","15","","24.1","","97.09","","","","-28","","Ice Crystals"
"1998-03-08 12:00","1998","03","08","12:00"," ","-17.4","","-21.8","","69","","34","","17","","24.1","","97.15","","","","-26","","Ice Crystals"
"1998-03-08 13:00","1998","03","08","13:00"," ","-17.1","","-22.0","","66","","34","","19","","24.1","","97.15","","","","-27","","Clear"
"1998-03-08 14:00","1998","03","08","14:00"," ","-16.4","","-22.1","","61","","36","","20","","24.1","","97.12","","","","-26","","Clear"
"1998-03-08 15:00","1998","03","08","15:00"," ","-16.0","","-21.6","","62","","30","","19","","24.1","","97.15","","","","-25","","Mainly Clear"
"1998-03-08 16:00","1998","03","08","16:00"," ","-16.6","","-23.6","","55","","32","","28","","24.1","","97.15","","","","-28","","Clear"
"1998-03-08 17:00","1998","03","08","17:00"," ","-17.2","","-23.4","","59","","30","","19","","24.1","","97.19","","","","-27","","Clear"
"1998-03-08 18:00","1998","03","08","18:00"," ","-18.1","","-24.2","","59","","32","","17","","24.1","","97.25","","","","-27","","Clear"
"1998-03-08 19:00","1998","03","08","19:00"," ","-20.1","","-25.4","","63","","31","","19","","24.1","","97.28","","","","-30","","Clear"
"1998-03-08 20:00","1998","03","08","20:00"," ","-20.7","","-26.1","","62","","31","","19","","24.1","","97.32","","","","-31","","Clear"
"1998-03-08 21:00","1998","03","08","21:00"," ","-22.6","","-27.6","","64","","32","","15","","24.1","","97.38","","","","-32","","Clear"
"1998-03-08 22:00","1998","03","08","22:00"," ","-22.6","","-27.3","","65","","32","","17","","24.1","","97.45","","","","-33","","Clear"
"1998-03-08 23:00","1998","03","08","23:00"," ","-23.5","","-28.3","","65","","32","","15","","24.1","","97.48","","","","-33","","Clear"
"1998-03-09 00:00","1998","03","09","00:00"," ","-23.5","","-27.7","","68","","32","","15","","24.1","","97.48","","","","-33","","Clear"
"1998-03-09 01:00","1998","03","09","01:00"," ","-25.8","","-29.8","","69","","30","","11","","24.1","","97.51","","","","-35","","Clear"
"1998-03-09 02:00","1998","03","09","02:00"," ","-26.0","","-29.6","","72","","30","","7","","24.1","","97.54","","","","-33","","Clear"
"1998-03-09 03:00","1998","03","09","03:00"," ","-26.9","","-31.1","","68","","32","","9","","24.1","","97.57","","","","-35","","Clear"
"1998-03-09 04:00","1998","03","09","04:00"," ","-27.2","","-31.0","","70","","32","","11","","24.1","","97.57","","","","-36","","Clear"
"1998-03-09 05:00","1998","03","09","05:00"," ","-27.2","","-31.2","","69","","30","","9","","24.1","","97.64","","","","-35","","Clear"
"1998-03-09 06:00","1998","03","09","06:00"," ","-28.1","","-32.5","","66","","31","","9","","24.1","","97.64","","","","-36","","Clear"
"1998-03-09 07:00","1998","03","09","07:00"," ","-28.1","","-32.3","","67","","33","","7","","24.1","","97.64","","","","-35","","Clear"
"1998-03-09 08:00","1998","03","09","08:00"," ","-29.1","","-33.6","","65","","34","","7","","24.1","","97.67","","","","-36","","Mostly Cloudy"
"1998-03-09 09:00","1998","03","09","09:00"," ","-27.4","","-31.3","","69","","32","","9","","24.1","","97.74","","","","-36","","Mainly Clear"
"1998-03-09 10:00","1998","03","09","10:00"," ","-24.7","","-29.2","","66","","33","","17","","24.1","","97.74","","","","-36","","Mainly Clear"
"1998-03-09 11:00","1998","03","09","11:00"," ","-24.2","","-29.1","","64","","34","","11","","24.1","","97.77","","","","-33","","Mainly Clear"
"1998-03-09 12:00","1998","03","09","12:00"," ","-23.0","","-28.2","","62","","1","","9","","24.1","","97.77","","","","-30","","Mainly Clear"
"1998-03-09 13:00","1998","03","09","13:00"," ","-22.4","","-27.7","","62","","1","","15","","24.1","","97.74","","","","-32","","Mainly Clear"
"1998-03-09 14:00","1998","03","09","14:00"," ","-21.6","","-27.1","","61","","36","","13","","24.1","","97.67","","","","-30","","Mainly Clear"
"1998-03-09 15:00","1998","03","09","15:00"," ","-20.6","","-26.4","","60","","1","","15","","24.1","","97.67","","","","-30","","Mainly Clear"
"1998-03-09 16:00","1998","03","09","16:00"," ","-20.6","","-26.4","","60","","36","","11","","24.1","","97.70","","","","-28","","Mainly Clear"
"1998-03-09 17:00","1998","03","09","17:00"," ","-20.9","","-26.7","","60","","36","","9","","24.1","","97.67","","","","-28","","Mainly Clear"
"1998-03-09 18:00","1998","03","09","18:00"," ","-20.7","","-27.5","","54","","32","","6","","24.1","","97.67","","","","-26","","Mainly Clear"
"1998-03-09 19:00","1998","03","09","19:00"," ","-23.3","","-28.5","","62","","28","","11","","24.1","","97.70","","","","-32","","Mainly Clear"
"1998-03-09 20:00","1998","03","09","20:00"," ","-25.4","","-30.1","","65","","30","","11","","24.1","","97.70","","","","-34","","Clear"
"1998-03-09 21:00","1998","03","09","21:00"," ","-24.7","","-29.1","","67","","28","","15","","24.1","","97.70","","","","-35","","Clear"
"1998-03-09 22:00","1998","03","09","22:00"," ","-25.8","","-30.4","","65","","28","","15","","24.1","","97.74","","","","-36","","Clear"
"1998-03-09 23:00","1998","03","09","23:00"," ","-25.8","","-30.9","","62","","30","","13","","24.1","","97.77","","","","-35","","Clear"
"1998-03-10 00:00","1998","03","10","00:00"," ","-26.8","","-32.1","","61","","31","","6","","24.1","","97.77","","","","-33","","Clear"
"1998-03-10 01:00","1998","03","10","01:00"," ","-27.5","","-31.8","","67","","31","","9","","24.1","","97.77","","","","-36","","Clear"
"1998-03-10 02:00","1998","03","10","02:00"," ","-29.6","","-34.1","","65","","","","0","","24.1","","97.80","","","","","","Clear"
"1998-03-10 03:00","1998","03","10","03:00"," ","-28.7","","-32.9","","67","","32","","11","","24.1","","97.80","","","","-38","","Clear"
"1998-03-10 04:00","1998","03","10","04:00"," ","-29.7","","-33.2","","72","","31","","9","","24.1","","97.80","","","","-38","","Clear"
"1998-03-10 05:00","1998","03","10","05:00"," ","-29.1","","-33.4","","66","","31","","11","","24.1","","97.83","","","","-39","","Clear"
"1998-03-10 06:00","1998","03","10","06:00"," ","-29.7","","-33.6","","69","","31","","9","","24.1","","97.86","","","","-38","","Clear"
"1998-03-10 07:00","1998","03","10","07:00"," ","-30.2","","-34.3","","67","","30","","9","","24.1","","97.96","","","","-39","","Clear"
"1998-03-10 08:00","1998","03","10","08:00"," ","-30.3","","-34.5","","67","","30","","7","","24.1","","97.96","","","","-38","","Clear"
"1998-03-10 09:00","1998","03","10","09:00"," ","-28.5","","-32.5","","68","","35","","2","","24.1","","98.06","","","","-31","","Clear"
"1998-03-10 10:00","1998","03","10","10:00"," ","-27.5","","-31.3","","70","","34","","7","","24.1","","98.09","","","","-34","","Clear"
"1998-03-10 11:00","1998","03","10","11:00"," ","-25.1","","-29.4","","67","","35","","9","","24.1","","98.12","","","","-33","","Clear"
"1998-03-10 12:00","1998","03","10","12:00"," ","-22.5","","-27.5","","64","","35","","11","","24.1","","98.19","","","","-31","","Clear"
"1998-03-10 13:00","1998","03","10","13:00"," ","-20.4","","-26.0","","61","","34","","13","","24.1","","98.19","","","","-29","","Clear"
"1998-03-10 14:00","1998","03","10","14:00"," ","-19.4","","-25.8","","57","","35","","9","","24.1","","98.19","","","","-26","","Clear"
"1998-03-10 15:00","1998","03","10","15:00"," ","-18.3","","-25.3","","54","","30","","13","","24.1","","98.22","","","","-26","","Clear"
"1998-03-10 16:00","1998","03","10","16:00"," ","-18.3","","-25.4","","54","","30","","17","","24.1","","98.22","","","","-28","","Clear"
"1998-03-10 17:00","1998","03","10","17:00"," ","-18.2","","-25.0","","55","","29","","13","","24.1","","98.22","","","","-26","","Clear"
"1998-03-10 18:00","1998","03","10","18:00"," ","-19.5","","-25.9","","57","","30","","13","","24.1","","98.25","","","","-28","","Clear"
"1998-03-10 19:00","1998","03","10","19:00"," ","-21.5","","-27.7","","57","","30","","15","","24.1","","98.25","","","","-31","","Clear"
"1998-03-10 20:00","1998","03","10","20:00"," ","-23.7","","-28.6","","64","","28","","9","","24.1","","98.22","","","","-31","","Clear"
"1998-03-10 21:00","1998","03","10","21:00"," ","-24.3","","-29.5","","62","","28","","11","","24.1","","98.22","","","","-33","","Clear"
"1998-03-10 22:00","1998","03","10","22:00"," ","-24.5","","-28.9","","67","","26","","7","","24.1","","98.22","","","","-31","","Clear"
"1998-03-10 23:00","1998","03","10","23:00"," ","-28.2","","-30.5","","81","","22","","11","","24.1","","98.19","","","","-38","","Clear"
"1998-03-11 00:00","1998","03","11","00:00"," ","-26.6","","-30.1","","72","","23","","13","","24.1","","98.16","","","","-36","","Clear"
"1998-03-11 01:00","1998","03","11","01:00"," ","-27.1","","-32.6","","60","","22","","13","","24.1","","98.12","","","","-37","","Clear"
"1998-03-11 02:00","1998","03","11","02:00"," ","-31.3","","-34.3","","75","","19","","13","","24.1","","98.09","","","","-42","","Clear"
"1998-03-11 03:00","1998","03","11","03:00"," ","-27.8","","-31.8","","69","","20","","15","","24.1","","98.03","","","","-39","","Mainly Clear"
"1998-03-11 04:00","1998","03","11","04:00"," ","-28.3","","-31.2","","76","","18","","7","","24.1","","97.96","","","","-35","","Clear"
"1998-03-11 05:00","1998","03","11","05:00"," ","-30.9","","-34.8","","69","","16","","13","","24.1","","97.93","","","","-42","","Clear"
"1998-03-11 06:00","1998","03","11","06:00"," ","-30.1","","-34.4","","66","","18","","13","","24.1","","97.90","","","","-41","","Clear"
"1998-03-11 07:00","1998","03","11","07:00"," ","-30.6","","-34.6","","68","","18","","15","","24.1","","97.80","","","","-42","","Clear"
"1998-03-11 08:00","1998","03","11","08:00"," ","-29.7","","-34.3","","64","","18","","19","","24.1","","97.70","","","","-42","","Clear"
"1998-03-11 09:00","1998","03","11","09:00"," ","-28.6","","-32.3","","70","","17","","19","","19.3","","97.67","","","","-41","","Ice Crystals"
"1998-03-11 10:00","1998","03","11","10:00"," ","-25.8","","-29.9","","68","","16","","20","","24.1","","97.57","","","","-38","","Ice Crystals"
"1998-03-11 11:00","1998","03","11","11:00"," ","-22.8","","-27.0","","68","","16","","20","","24.1","","97.51","","","","-34","","Mainly Clear"
"1998-03-11 12:00","1998","03","11","12:00"," ","-19.0","","-25.5","","56","","18","","26","","24.1","","97.41","","","","-31","","Mainly Clear"
"1998-03-11 13:00","1998","03","11","13:00"," ","-16.3","","-23.5","","54","","17","","28","","24.1","","97.25","","","","-27","","Mainly Clear"
"1998-03-11 14:00","1998","03","11","14:00"," ","-14.9","","-21.8","","56","","14","","20","","24.1","","97.09","","","","-24","","Mainly Clear"
"1998-03-11 15:00","1998","03","11","15:00"," ","-15.3","","-22.0","","57","","14","","20","","24.1","","96.93","","","","-25","","Mostly Cloudy"
"1998-03-11 16:00","1998","03","11","16:00"," ","-13.0","","-20.4","","54","","16","","26","","24.1","","96.80","","","","-23","","Mostly Cloudy"
"1998-03-11 17:00","1998","03","11","17:00"," ","-14.1","","-21.2","","55","","15","","26","","24.1","","96.67","","","","-24","","Mostly Cloudy"
"1998-03-11 18:00","1998","03","11","18:00"," ","-15.1","","-21.6","","58","","15","","30","","24.1","","96.54","","","","-26","","Mostly Cloudy"
"1998-03-11 19:00","1998","03","11","19:00"," ","-15.6","","-21.8","","59","","16","","32","","24.1","","96.41","","","","-27","","Mostly Cloudy"
"1998-03-11 20:00","1998","03","11","20:00"," ","-15.6","","-21.7","","59","","17","","33","","24.1","","96.32","","","","-27","","Mostly Cloudy"
"1998-03-11 21:00","1998","03","11","21:00"," ","-15.8","","-21.6","","61","","17","","22","","24.1","","96.28","","","","-26","","Mostly Cloudy"
"1998-03-11 22:00","1998","03","11","22:00"," ","-15.5","","-20.7","","64","","17","","20","","24.1","","96.22","","","","-25","","Snow"
"1998-03-11 23:00","1998","03","11","23:00"," ","-14.9","","-20.0","","65","","17","","19","","24.1","","96.09","","","","-24","","Snow"
"1998-03-12 00:00","1998","03","12","00:00"," ","-13.7","","-18.5","","67","","19","","22","","24.1","","95.96","","","","-23","","Mostly Cloudy"
"1998-03-12 01:00","1998","03","12","01:00"," ","-14.5","","-19.0","","69","","17","","17","","24.1","","95.90","","","","-23","","Mainly Clear"
"1998-03-12 02:00","1998","03","12","02:00"," ","-14.4","","-18.2","","73","","18","","17","","24.1","","95.86","","","","-23","","Mostly Cloudy"
"1998-03-12 03:00","1998","03","12","03:00"," ","-13.9","","-17.7","","73","","19","","17","","24.1","","95.73","","","","-22","","Mostly Cloudy"
"1998-03-12 04:00","1998","03","12","04:00"," ","-13.0","","-16.7","","74","","19","","17","","24.1","","95.67","","","","-21","","Cloudy"
"1998-03-12 05:00","1998","03","12","05:00"," ","-12.5","","-15.7","","77","","20","","17","","24.1","","95.64","","","","-20","","Cloudy"
"1998-03-12 06:00","1998","03","12","06:00"," ","-11.7","","-14.3","","81","","20","","13","","24.1","","95.54","","","","-18","","Cloudy"
"1998-03-12 07:00","1998","03","12","07:00"," ","-10.8","","-13.9","","78","","21","","15","","24.1","","95.51","","","","-18","","Mostly Cloudy"
"1998-03-12 08:00","1998","03","12","08:00"," ","-11.2","","-14.0","","80","","21","","13","","24.1","","95.41","","","","-18","","Cloudy"
"1998-03-12 09:00","1998","03","12","09:00"," ","-10.7","","-13.8","","78","","21","","17","","24.1","","95.35","","","","-18","","Cloudy"
"1998-03-12 10:00","1998","03","12","10:00"," ","-9.0","","-12.7","","74","","22","","9","","24.1","","95.35","","","","-14","","Cloudy"
"1998-03-12 11:00","1998","03","12","11:00"," ","-6.2","","-9.3","","79","","22","","11","","24.1","","95.28","","","","-11","","Cloudy"
"1998-03-12 12:00","1998","03","12","12:00"," ","-3.4","","-6.6","","78","","30","","15","","24.1","","95.31","","","","-9","","Mostly Cloudy"
"1998-03-12 13:00","1998","03","12","13:00"," ","-1.0","","-5.0","","74","","32","","20","","24.1","","95.28","","","","-7","","Cloudy"
"1998-03-12 14:00","1998","03","12","14:00"," ","-0.7","","-4.6","","75","","31","","20","","24.1","","95.25","","","","-6","","Mostly Cloudy"
"1998-03-12 15:00","1998","03","12","15:00"," ","-0.3","","-4.7","","72","","30","","22","","24.1","","95.22","","","","-6","","Mostly Cloudy"
"1998-03-12 16:00","1998","03","12","16:00"," ","-0.5","","-5.7","","68","","30","","22","","24.1","","95.25","","","","-6","","Mostly Cloudy"
"1998-03-12 17:00","1998","03","12","17:00"," ","-0.9","","-6.0","","68","","30","","22","","24.1","","95.25","","","","-7","","Mostly Cloudy"
"1998-03-12 18:00","1998","03","12","18:00"," ","-1.7","","-6.3","","71","","31","","19","","24.1","","95.25","","","","-7","","Mostly Cloudy"
"1998-03-12 19:00","1998","03","12","19:00"," ","-2.9","","-6.5","","76","","31","","22","","24.1","","95.28","","","","-9","","Mainly Clear"
"1998-03-12 20:00","1998","03","12","20:00"," ","-3.1","","-6.1","","80","","31","","20","","24.1","","95.28","","","","-9","","Mostly Cloudy"
"1998-03-12 21:00","1998","03","12","21:00"," ","-4.5","","-7.2","","81","","30","","19","","24.1","","95.25","","","","-11","","Mainly Clear"
"1998-03-12 22:00","1998","03","12","22:00"," ","-4.3","","-7.0","","81","","30","","20","","24.1","","95.25","","","","-11","","Mostly Cloudy"
"1998-03-12 23:00","1998","03","12","23:00"," ","-4.3","","-7.0","","81","","29","","19","","24.1","","95.28","","","","-10","","Mostly Cloudy"
"1998-03-13 00:00","1998","03","13","00:00"," ","-3.3","","-6.6","","78","","30","","24","","24.1","","95.25","","","","-10","","Cloudy"
"1998-03-13 01:00","1998","03","13","01:00"," ","-3.9","","-8.8","","69","","32","","35","","24.1","","95.31","","","","-12","","Cloudy"
"1998-03-13 02:00","1998","03","13","02:00"," ","-6.6","","-10.4","","74","","33","","33","","19.3","","95.44","","","","-15","","Snow"
"1998-03-13 03:00","1998","03","13","03:00"," ","-10.3","","-12.4","","85","","34","","44","","2.0","","95.57","","","","-22","","Snow,Blowing Snow"
"1998-03-13 04:00","1998","03","13","04:00"," ","-13.2","","-18.3","","65","","35","","30","","16.1","","95.70","","","","-24","","Clear"
"1998-03-13 05:00","1998","03","13","05:00"," ","-14.4","","-19.4","","66","","33","","22","","24.1","","95.80","","","","-24","","Clear"
"1998-03-13 06:00","1998","03","13","06:00"," ","-14.8","","-19.8","","66","","32","","20","","24.1","","95.90","","","","-24","","Clear"
"1998-03-13 07:00","1998","03","13","07:00"," ","-16.1","","-20.1","","71","","33","","17","","24.1","","95.96","","","","-25","","Clear"
"1998-03-13 08:00","1998","03","13","08:00"," ","-16.1","","-20.3","","70","","32","","20","","24.1","","96.09","","","","-26","","Clear"
"1998-03-13 09:00","1998","03","13","09:00"," ","-15.7","","-19.6","","72","","33","","22","","24.1","","96.15","","","","-25","","Clear"
"1998-03-13 10:00","1998","03","13","10:00"," ","-15.1","","-19.3","","70","","34","","30","","24.1","","96.22","","","","-26","","Clear"
"1998-03-13 11:00","1998","03","13","11:00"," ","-14.2","","-18.0","","73","","33","","26","","24.1","","96.28","","","","-24","","Clear"
"1998-03-13 12:00","1998","03","13","12:00"," ","-14.1","","-18.8","","68","","32","","30","","24.1","","96.35","","","","-25","","Clear"
"1998-03-13 13:00","1998","03","13","13:00"," ","-13.7","","-21.3","","53","","31","","32","","24.1","","96.41","","","","-25","","Clear"
"1998-03-13 14:00","1998","03","13","14:00"," ","-12.8","","-19.0","","60","","31","","26","","24.1","","96.44","","","","-23","","Mainly Clear"
"1998-03-13 15:00","1998","03","13","15:00"," ","-12.8","","-18.9","","60","","32","","28","","24.1","","96.48","","","","-23","","Mainly Clear"
"1998-03-13 16:00","1998","03","13","16:00"," ","-12.1","","-18.6","","58","","33","","24","","24.1","","96.54","","","","-21","","Mainly Clear"
"1998-03-13 17:00","1998","03","13","17:00"," ","-12.0","","-18.2","","60","","33","","15","","24.1","","96.64","","","","-19","","Mainly Clear"
"1998-03-13 18:00","1998","03","13","18:00"," ","-12.6","","-18.9","","59","","32","","17","","24.1","","96.70","","","","-20","","Mainly Clear"
"1998-03-13 19:00","1998","03","13","19:00"," ","-13.4","","-19.6","","60","","31","","15","","24.1","","96.77","","","","-21","","Clear"
"1998-03-13 20:00","1998","03","13","20:00"," ","-15.7","","-20.9","","64","","31","","13","","24.1","","96.80","","","","-23","","Mainly Clear"
"1998-03-13 21:00","1998","03","13","21:00"," ","-17.5","","-22.4","","66","","35","","2","","24.1","","96.83","","","","-19","","Clear"
"1998-03-13 22:00","1998","03","13","22:00"," ","-18.4","","-23.0","","67","","32","","2","","24.1","","96.93","","","","-20","","Clear"
"1998-03-13 23:00","1998","03","13","23:00"," ","-19.5","","-23.3","","72","","","","0","","24.1","","96.96","","","","","","Mainly Clear"
"1998-03-14 00:00","1998","03","14","00:00"," ","-20.1","","-23.6","","74","","","","0","","24.1","","96.99","","","","","","Mainly Clear"
"1998-03-14 01:00","1998","03","14","01:00"," ","-20.3","","-23.7","","74","","34","","4","","24.1","","97.03","","","","-24","","Mostly Cloudy"
"1998-03-14 02:00","1998","03","14","02:00"," ","-22.4","","-26.3","","70","","","","0","","24.1","","97.06","","","","","","Mostly Cloudy"
"1998-03-14 03:00","1998","03","14","03:00"," ","-21.4","","-24.9","","73","","","","0","","24.1","","97.09","","","","","","Mostly Cloudy"
"1998-03-14 04:00","1998","03","14","04:00"," ","-19.8","","-22.8","","77","","","","0","","24.1","","97.09","","","","","","Mostly Cloudy"
"1998-03-14 05:00","1998","03","14","05:00"," ","-19.5","","-22.8","","75","","","","0","","24.1","","97.09","","","","","","Cloudy"
"1998-03-14 06:00","1998","03","14","06:00"," ","-19.5","","-22.7","","76","","","","0","","24.1","","97.09","","","","","","Cloudy"
"1998-03-14 07:00","1998","03","14","07:00"," ","-19.7","","-23.4","","72","","","","0","","24.1","","97.09","","","","","","Cloudy"
"1998-03-14 08:00","1998","03","14","08:00"," ","-18.5","","-22.0","","74","","","","0","","24.1","","97.09","","","","","","Cloudy"
"1998-03-14 09:00","1998","03","14","09:00"," ","-16.9","","-21.1","","70","","11","","7","","24.1","","97.09","","","","-22","","Cloudy"
"1998-03-14 10:00","1998","03","14","10:00"," ","-14.7","","-19.6","","66","","11","","13","","24.1","","97.09","","","","-22","","Cloudy"
"1998-03-14 11:00","1998","03","14","11:00"," ","-13.0","","-18.3","","64","","9","","11","","24.1","","97.15","","","","-19","","Cloudy"
"1998-03-14 12:00","1998","03","14","12:00"," ","-12.2","","-17.1","","67","","10","","15","","24.1","","97.09","","","","-19","","Mostly Cloudy"
"1998-03-14 13:00","1998","03","14","13:00"," ","-11.7","","-17.5","","62","","9","","13","","24.1","","97.09","","","","-18","","Cloudy"
"1998-03-14 14:00","1998","03","14","14:00"," ","-11.1","","-16.9","","62","","10","","17","","24.1","","97.06","","","","-19","","Cloudy"
"1998-03-14 15:00","1998","03","14","15:00"," ","-10.9","","-16.8","","62","","10","","19","","24.1","","96.99","","","","-19","","Cloudy"
"1998-03-14 16:00","1998","03","14","16:00"," ","-10.5","","-17.0","","59","","12","","19","","24.1","","96.99","","","","-18","","Cloudy"
"1998-03-14 17:00","1998","03","14","17:00"," ","-10.5","","-18.0","","54","","13","","9","","24.1","","96.96","","","","-15","","Cloudy"
"1998-03-14 18:00","1998","03","14","18:00"," ","-10.5","","-17.8","","55","","14","","11","","24.1","","96.96","","","","-16","","Cloudy"
"1998-03-14 19:00","1998","03","14","19:00"," ","-12.1","","-16.7","","69","","9","","6","","24.1","","96.99","","","","-16","","Cloudy"
"1998-03-14 20:00","1998","03","14","20:00"," ","-13.1","","-17.3","","71","","13","","9","","24.1","","96.99","","","","-19","","Cloudy"
"1998-03-14 21:00","1998","03","14","21:00"," ","-12.6","","-16.0","","76","","13","","15","","24.1","","96.96","","","","-20","","Cloudy"
"1998-03-14 22:00","1998","03","14","22:00"," ","-12.1","","-16.0","","73","","14","","11","","24.1","","96.96","","","","-18","","Cloudy"
"1998-03-14 23:00","1998","03","14","23:00"," ","-12.4","","-15.9","","75","","14","","13","","24.1","","96.90","","","","-19","","Cloudy"
"1998-03-15 00:00","1998","03","15","00:00"," ","-13.2","","-16.2","","78","","13","","11","","24.1","","96.86","","","","-19","","Mostly Cloudy"
"1998-03-15 01:00","1998","03","15","01:00"," ","-14.0","","-16.7","","80","","15","","11","","24.1","","96.86","","","","-20","","Mainly Clear"
"1998-03-15 02:00","1998","03","15","02:00"," ","-15.7","","-18.3","","80","","16","","9","","24.1","","96.86","","","","-22","","Mainly Clear"
"1998-03-15 03:00","1998","03","15","03:00"," ","-16.7","","-19.3","","80","","16","","13","","24.1","","96.83","","","","-24","","Mainly Clear"
"1998-03-15 04:00","1998","03","15","04:00"," ","-17.1","","-20.0","","78","","16","","15","","24.1","","96.80","","","","-26","","Mainly Clear"
"1998-03-15 05:00","1998","03","15","05:00"," ","-17.0","","-19.5","","81","","16","","13","","24.1","","96.77","","","","-25","","Clear"
"1998-03-15 06:00","1998","03","15","06:00"," ","-17.2","","-19.8","","80","","16","","15","","24.1","","96.77","","","","-26","","Clear"
"1998-03-15 07:00","1998","03","15","07:00"," ","-18.0","","-20.7","","79","","16","","19","","24.1","","96.74","","","","-28","","Clear"
"1998-03-15 08:00","1998","03","15","08:00"," ","-17.5","","-20.1","","80","","15","","19","","19.3","","96.67","","","","-27","","Ice Crystals"
"1998-03-15 09:00","1998","03","15","09:00"," ","-16.7","","-19.4","","80","","15","","19","","16.1","","96.67","","","","-26","","Ice Crystals"
"1998-03-15 10:00","1998","03","15","10:00"," ","-15.1","","-17.4","","83","","16","","17","","19.3","","96.64","","","","-24","","Snow"
"1998-03-15 11:00","1998","03","15","11:00"," ","-13.0","","-15.7","","80","","15","","19","","19.3","","96.64","","","","-21","","Snow"
"1998-03-15 12:00","1998","03","15","12:00"," ","-11.4","","-14.3","","79","","16","","20","","24.1","","96.61","","","","-20","","Cloudy"
"1998-03-15 13:00","1998","03","15","13:00"," ","-9.7","","-14.2","","70","","15","","24","","24.1","","96.51","","","","-18","","Cloudy"
"1998-03-15 14:00","1998","03","15","14:00"," ","-9.0","","-12.4","","76","","15","","22","","24.1","","96.44","","","","-17","","Cloudy"
"1998-03-15 15:00","1998","03","15","15:00"," ","-8.1","","-12.1","","73","","15","","28","","24.1","","96.35","","","","-17","","Cloudy"
"1998-03-15 16:00","1998","03","15","16:00"," ","-7.5","","-11.8","","71","","18","","26","","24.1","","96.35","","","","-16","","Cloudy"
"1998-03-15 17:00","1998","03","15","17:00"," ","-7.6","","-11.7","","72","","16","","24","","24.1","","96.25","","","","-16","","Cloudy"
"1998-03-15 18:00","1998","03","15","18:00"," ","-8.2","","-12.0","","74","","16","","22","","24.1","","96.22","","","","-16","","Cloudy"
"1998-03-15 19:00","1998","03","15","19:00"," ","-9.0","","-12.4","","76","","16","","22","","24.1","","96.19","","","","-17","","Mostly Cloudy"
"1998-03-15 20:00","1998","03","15","20:00"," ","-10.3","","-13.4","","78","","16","","22","","24.1","","96.19","","","","-19","","Mainly Clear"
"1998-03-15 21:00","1998","03","15","21:00"," ","-11.5","","-14.0","","82","","17","","20","","24.1","","96.15","","","","-20","","Mainly Clear"
"1998-03-15 22:00","1998","03","15","22:00"," ","-12.1","","-14.4","","83","","16","","20","","24.1","","96.12","","","","-21","","Mainly Clear"
"1998-03-15 23:00","1998","03","15","23:00"," ","-12.5","","-14.5","","85","","16","","22","","24.1","","96.09","","","","-21","","Mainly Clear"
"1998-03-16 00:00","1998","03","16","00:00"," ","-12.6","","-14.3","","87","","16","","20","","24.1","","96.06","","","","-21","","Mostly Cloudy"
"1998-03-16 01:00","1998","03","16","01:00"," ","-13.5","","-14.8","","90","","16","","19","","24.1","","95.96","","","","-22","","Mostly Cloudy"
"1998-03-16 02:00","1998","03","16","02:00"," ","-12.9","","-14.4","","88","","15","","19","","24.1","","95.93","","","","-21","","Cloudy"
"1998-03-16 03:00","1998","03","16","03:00"," ","-12.3","","-13.6","","90","","16","","22","","24.1","","95.86","","","","-21","","Cloudy"
"1998-03-16 04:00","1998","03","16","04:00"," ","-12.3","","-13.7","","89","","16","","22","","24.1","","95.80","","","","-21","","Cloudy"
"1998-03-16 05:00","1998","03","16","05:00"," ","-11.4","","-12.3","","93","","16","","17","","12.9","","95.80","","","","-19","","Cloudy"
"1998-03-16 06:00","1998","03","16","06:00"," ","-10.9","","-12.0","","92","","16","","17","","19.3","","95.80","","","","-18","","Cloudy"
"1998-03-16 07:00","1998","03","16","07:00"," ","-9.6","","-10.6","","92","","16","","19","","12.9","","95.77","","","","-17","","Cloudy"
"1998-03-16 08:00","1998","03","16","08:00"," ","-8.7","","-10.0","","90","","15","","20","","12.9","","95.73","","","","-16","","Snow Grains"
"1998-03-16 09:00","1998","03","16","09:00"," ","-7.8","","-9.3","","89","","18","","20","","12.9","","95.73","","","","-15","","Snow Grains"
"1998-03-16 10:00","1998","03","16","10:00"," ","-7.7","","-9.2","","89","","17","","15","","16.1","","95.70","","","","-14","","Snow Grains"
"1998-03-16 11:00","1998","03","16","11:00"," ","-6.8","","-8.5","","88","","16","","15","","16.1","","95.70","","","","-13","","Mostly Cloudy"
"1998-03-16 12:00","1998","03","16","12:00"," ","-5.2","","-7.5","","84","","17","","13","","16.1","","95.70","","","","-10","","Mostly Cloudy"
"1998-03-16 13:00","1998","03","16","13:00"," ","-4.1","","-6.9","","81","","15","","15","","19.3","","95.67","","","","-9","","Mostly Cloudy"
"1998-03-16 14:00","1998","03","16","14:00"," ","-3.3","","-6.2","","80","","15","","11","","24.1","","95.61","","","","-8","","Mostly Cloudy"
"1998-03-16 15:00","1998","03","16","15:00"," ","-2.6","","-5.9","","78","","16","","15","","24.1","","95.57","","","","-8","","Mostly Cloudy"
"1998-03-16 16:00","1998","03","16","16:00"," ","-2.2","","-5.6","","77","","15","","17","","24.1","","95.61","","","","-8","","Cloudy"
"1998-03-16 17:00","1998","03","16","17:00"," ","-2.3","","-4.9","","82","","13","","11","","24.1","","95.64","","","","-6","","Cloudy"
"1998-03-16 18:00","1998","03","16","18:00"," ","-2.5","","-4.9","","84","","11","","9","","12.9","","95.67","","","","-6","","Cloudy"
"1998-03-16 19:00","1998","03","16","19:00"," ","-2.9","","-4.4","","89","","11","","15","","12.9","","95.67","","","","-8","","Cloudy"
"1998-03-16 20:00","1998","03","16","20:00"," ","-4.3","","-5.6","","91","","11","","11","","16.1","","95.70","","","","-9","","Mostly Cloudy"
"1998-03-16 21:00","1998","03","16","21:00"," ","-5.9","","-6.5","","96","","10","","7","","12.9","","95.73","","","","-9","","Cloudy"
"1998-03-16 22:00","1998","03","16","22:00"," ","-4.1","","-5.0","","93","","9","","11","","9.7","","95.77","","","","-9","","Fog"
"1998-03-16 23:00","1998","03","16","23:00"," ","-3.5","","-4.4","","93","","6","","13","","6.4","","95.80","","","","-8","","Fog"
"1998-03-17 00:00","1998","03","17","00:00"," ","-3.4","","-4.4","","93","","6","","17","","6.4","","95.86","","","","-9","","Fog"
"1998-03-17 01:00","1998","03","17","01:00"," ","-3.3","","-4.2","","93","","7","","17","","6.4","","95.90","","","","-9","","Fog"
"1998-03-17 02:00","1998","03","17","02:00"," ","-3.6","","-4.3","","95","","6","","15","","9.7","","95.96","","","","-9","","Fog"
"1998-03-17 03:00","1998","03","17","03:00"," ","-4.2","","-5.0","","94","","5","","15","","9.7","","95.96","","","","-10","","Fog"
"1998-03-17 04:00","1998","03","17","04:00"," ","-3.9","","-5.0","","92","","4","","17","","9.7","","95.99","","","","-10","","Fog"
"1998-03-17 05:00","1998","03","17","05:00"," ","-4.0","","-5.1","","92","","3","","17","","9.7","","95.99","","","","-10","","Fog"
"1998-03-17 06:00","1998","03","17","06:00"," ","-4.4","","-5.9","","89","","3","","19","","12.9","","96.02","","","","-11","","Cloudy"
"1998-03-17 07:00","1998","03","17","07:00"," ","-4.7","","-5.9","","91","","3","","17","","12.9","","96.09","","","","-11","","Cloudy"
"1998-03-17 08:00","1998","03","17","08:00"," ","-5.2","","-6.2","","93","","2","","17","","12.9","","96.15","","","","-11","","Cloudy"
"1998-03-17 09:00","1998","03","17","09:00"," ","-5.3","","-6.6","","91","","3","","15","","16.1","","96.22","","","","-11","","Cloudy"
"1998-03-17 10:00","1998","03","17","10:00"," ","-3.5","","-5.8","","84","","7","","28","","16.1","","96.32","","","","-11","","Cloudy"
"1998-03-17 11:00","1998","03","17","11:00"," ","-3.1","","-6.2","","79","","7","","30","","24.1","","96.38","","","","-11","","Mostly Cloudy"
"1998-03-17 12:00","1998","03","17","12:00"," ","-2.8","","-6.1","","78","","6","","24","","24.1","","96.44","","","","-9","","Mostly Cloudy"
"1998-03-17 13:00","1998","03","17","13:00"," ","-2.5","","-7.1","","71","","7","","28","","24.1","","96.44","","","","-10","","Mostly Cloudy"
"1998-03-17 14:00","1998","03","17","14:00"," ","-1.9","","-6.8","","69","","6","","28","","24.1","","96.44","","","","-9","","Mostly Cloudy"
"1998-03-17 15:00","1998","03","17","15:00"," ","-1.8","","-7.4","","66","","7","","24","","24.1","","96.48","","","","-8","","Mostly Cloudy"
"1998-03-17 16:00","1998","03","17","16:00"," ","-3.7","","-5.9","","85","","3","","28","","24.1","","96.51","","","","-11","","Mostly Cloudy"
"1998-03-17 17:00","1998","03","17","17:00"," ","-4.5","","-6.4","","87","","3","","26","","24.1","","96.57","","","","-12","","Mostly Cloudy"
"1998-03-17 18:00","1998","03","17","18:00"," ","-4.7","","-6.9","","85","","3","","22","","24.1","","96.61","","","","-12","","Snow"
"1998-03-17 19:00","1998","03","17","19:00"," ","-4.2","","-7.0","","81","","7","","28","","9.7","","96.64","","","","-12","","Snow"
"1998-03-17 20:00","1998","03","17","20:00"," ","-5.0","","-7.1","","85","","7","","32","","6.4","","96.67","","","","-13","","Snow"
"1998-03-17 21:00","1998","03","17","21:00"," ","-5.4","","-7.2","","87","","6","","26","","4.0","","96.70","","","","-13","","Snow"
"1998-03-17 22:00","1998","03","17","22:00"," ","-5.7","","-7.8","","85","","6","","20","","9.7","","96.74","","","","-12","","Snow"
"1998-03-17 23:00","1998","03","17","23:00"," ","-6.0","","-7.2","","91","","6","","20","","4.8","","96.74","","","","-13","","Snow"
"1998-03-18 00:00","1998","03","18","00:00"," ","-5.8","","-7.2","","90","","6","","19","","6.4","","96.77","","","","-12","","Snow"
"1998-03-18 01:00","1998","03","18","01:00"," ","-6.0","","-7.4","","90","","5","","19","","4.8","","96.80","","","","-13","","Snow"
"1998-03-18 02:00","1998","03","18","02:00"," ","-7.9","","-8.9","","93","","1","","17","","3.2","","96.80","","","","-15","","Snow"
"1998-03-18 03:00","1998","03","18","03:00"," ","-8.4","","-9.3","","93","","2","","15","","2.4","","96.83","","","","-15","","Snow"
"1998-03-18 04:00","1998","03","18","04:00"," ","-8.5","","-9.6","","92","","2","","15","","2.4","","96.83","","","","-15","","Snow"
"1998-03-18 05:00","1998","03","18","05:00"," ","-8.7","","-9.4","","95","","2","","11","","4.0","","96.80","","","","-14","","Snow"
"1998-03-18 06:00","1998","03","18","06:00"," ","-8.6","","-9.6","","92","","36","","9","","4.0","","96.83","","","","-13","","Snow"
"1998-03-18 07:00","1998","03","18","07:00"," ","-8.7","","-9.6","","93","","35","","9","","6.4","","96.83","","","","-13","","Snow"
"1998-03-18 08:00","1998","03","18","08:00"," ","-8.7","","-9.7","","92","","36","","7","","8.0","","96.86","","","","-13","","Snow"
"1998-03-18 09:00","1998","03","18","09:00"," ","-8.1","","-9.2","","92","","35","","6","","8.0","","96.86","","","","-11","","Snow"
"1998-03-18 10:00","1998","03","18","10:00"," ","-7.6","","-8.5","","93","","1","","7","","6.4","","96.86","","","","-11","","Snow"
"1998-03-18 11:00","1998","03","18","11:00"," ","-5.6","","-7.1","","89","","9","","9","","2.8","","96.86","","","","-10","","Snow"
"1998-03-18 12:00","1998","03","18","12:00"," ","-5.1","","-6.6","","89","","9","","7","","4.0","","96.86","","","","-8","","Snow"
"1998-03-18 13:00","1998","03","18","13:00"," ","-4.3","","-6.1","","87","","9","","7","","4.0","","96.80","","","","-7","","Snow"
"1998-03-18 14:00","1998","03","18","14:00"," ","-4.0","","-5.5","","89","","7","","6","","3.2","","96.77","","","","-7","","Snow"
"1998-03-18 15:00","1998","03","18","15:00"," ","-3.7","","-5.3","","89","","7","","6","","3.6","","96.74","","","","-6","","Snow"
"1998-03-18 16:00","1998","03","18","16:00"," ","-3.4","","-5.0","","89","","6","","6","","4.0","","96.74","","","","-6","","Snow"
"1998-03-18 17:00","1998","03","18","17:00"," ","-3.6","","-4.9","","91","","6","","4","","3.2","","96.74","","","","-5","","Snow"
"1998-03-18 18:00","1998","03","18","18:00"," ","-3.6","","-4.5","","93","","7","","4","","2.8","","96.70","","","","-5","","Snow"
"1998-03-18 19:00","1998","03","18","19:00"," ","-4.0","","-4.4","","97","","","","0","","6.4","","96.70","","","","","","Snow"
"1998-03-18 20:00","1998","03","18","20:00"," ","-4.1","","-4.4","","98","","","","0","","4.0","","96.70","","","","","","Snow"
"1998-03-18 21:00","1998","03","18","21:00"," ","-4.3","","-4.6","","98","","","","0","","2.4","","96.67","","","","","","Snow"
"1998-03-18 22:00","1998","03","18","22:00"," ","-4.0","","-4.5","","96","","","","0","","6.4","","96.64","","","","","","Snow"
"1998-03-18 23:00","1998","03","18","23:00"," ","-3.9","","-4.6","","95","","","","0","","4.0","","96.64","","","","","","Snow"
"1998-03-19 00:00","1998","03","19","00:00"," ","-4.2","","-4.8","","96","","21","","4","","4.8","","96.61","","","","-6","","Snow"
"1998-03-19 01:00","1998","03","19","01:00"," ","-4.3","","-4.7","","97","","","","0","","9.7","","96.61","","","","","","Snow"
"1998-03-19 02:00","1998","03","19","02:00"," ","-4.8","","-5.2","","97","","","","0","","9.7","","96.61","","","","","","Snow,Fog"
"1998-03-19 03:00","1998","03","19","03:00"," ","-4.5","","-5.0","","96","","17","","6","","6.4","","96.57","","","","-7","","Snow,Fog"
"1998-03-19 04:00","1998","03","19","04:00"," ","-4.1","","-4.8","","95","","20","","2","","9.7","","96.51","","","","-5","","Snow,Fog"
"1998-03-19 05:00","1998","03","19","05:00"," ","-4.3","","-4.8","","96","","24","","4","","9.7","","96.51","","","","-6","","Snow,Fog"
"1998-03-19 06:00","1998","03","19","06:00"," ","-4.6","","-5.3","","95","","26","","4","","6.4","","96.51","","","","-6","","Snow Grains,Fog"
"1998-03-19 07:00","1998","03","19","07:00"," ","-4.6","","-5.1","","96","","29","","4","","6.4","","96.51","","","","-6","","Snow Grains,Fog"
"1998-03-19 08:00","1998","03","19","08:00"," ","-4.7","","-5.3","","96","","30","","4","","6.4","","96.51","","","","-6","","Snow Grains,Fog"
"1998-03-19 09:00","1998","03","19","09:00"," ","-4.7","","-5.6","","93","","29","","4","","6.4","","96.51","","","","-6","","Snow Grains,Fog"
"1998-03-19 10:00","1998","03","19","10:00"," ","-4.4","","-6.0","","89","","30","","6","","12.9","","96.48","","","","-7","","Snow Grains"
"1998-03-19 11:00","1998","03","19","11:00"," ","-4.0","","-5.9","","87","","32","","4","","24.1","","96.44","","","","-6","","Snow"
"1998-03-19 12:00","1998","03","19","12:00"," ","-3.1","","-5.4","","84","","31","","2","","24.1","","96.41","","","","-4","","Snow"
"1998-03-19 13:00","1998","03","19","13:00"," ","-2.1","","-5.4","","78","","","","0","","24.1","","96.38","","","","","","Cloudy"
"1998-03-19 14:00","1998","03","19","14:00"," ","-1.6","","-5.0","","78","","","","0","","24.1","","96.32","","","","","","Cloudy"
"1998-03-19 15:00","1998","03","19","15:00"," ","-1.0","","-4.3","","78","","18","","6","","24.1","","96.28","","","","-3","","Cloudy"
"1998-03-19 16:00","1998","03","19","16:00"," ","-0.8","","-3.9","","79","","20","","15","","24.1","","96.28","","","","-5","","Mostly Cloudy"
"1998-03-19 17:00","1998","03","19","17:00"," ","-0.9","","-3.7","","81","","20","","15","","24.1","","96.22","","","","-6","","Cloudy"
"1998-03-19 18:00","1998","03","19","18:00"," ","-0.8","","-3.2","","84","","22","","15","","24.1","","96.22","","","","-5","","Cloudy"
"1998-03-19 19:00","1998","03","19","19:00"," ","-1.4","","-3.9","","83","","23","","11","","24.1","","96.19","","","","-5","","Cloudy"
"1998-03-19 20:00","1998","03","19","20:00"," ","-1.4","","-3.7","","84","","22","","7","","24.1","","96.15","","","","-4","","Cloudy"
"1998-03-19 21:00","1998","03","19","21:00"," ","-1.7","","-3.6","","87","","21","","6","","24.1","","96.12","","","","-4","","Cloudy"
"1998-03-19 22:00","1998","03","19","22:00"," ","-1.6","","-3.5","","87","","24","","13","","24.1","","96.12","","","","-6","","Cloudy"
"1998-03-19 23:00","1998","03","19","23:00"," ","-2.1","","-3.7","","89","","28","","9","","24.1","","96.09","","","","-6","","Cloudy"
"1998-03-20 00:00","1998","03","20","00:00"," ","-2.2","","-3.8","","89","","26","","6","","24.1","","96.09","","","","-5","","Cloudy"
"1998-03-20 01:00","1998","03","20","01:00"," ","-2.2","","-3.8","","89","","18","","4","","12.9","","96.06","","","","-4","","Cloudy"
"1998-03-20 02:00","1998","03","20","02:00"," ","-2.0","","-3.5","","89","","18","","4","","19.3","","96.02","","","","-3","","Mostly Cloudy"
"1998-03-20 03:00","1998","03","20","03:00"," ","-2.7","","-3.8","","92","","16","","4","","19.3","","95.96","","","","-4","","Mostly Cloudy"
"1998-03-20 04:00","1998","03","20","04:00"," ","-2.5","","-3.6","","92","","","","0","","19.3","","95.96","","","","","","Cloudy"
"1998-03-20 05:00","1998","03","20","05:00"," ","-5.8","","-6.2","","97","","14","","4","","12.9","","95.93","","","","-8","","Mainly Clear"
"1998-03-20 06:00","1998","03","20","06:00"," ","-6.7","","-7.5","","94","","15","","6","","0.6","","95.93","","","","-10","","Fog"
"1998-03-20 07:00","1998","03","20","07:00"," ","-6.1","","-6.7","","96","","19","","9","","0.6","","95.93","","","","-10","","Fog"
"1998-03-20 08:00","1998","03","20","08:00"," ","-5.6","","-5.8","","98","","18","","9","","0.2","","95.90","","","","-10","","Fog"
"1998-03-20 09:00","1998","03","20","09:00"," ","-5.9","","-6.2","","98","","17","","7","","1.2","","95.86","","","","-9","","Fog"
"1998-03-20 10:00","1998","03","20","10:00"," ","-6.0","","-6.3","","98","","16","","9","","12.9","","95.86","","","","-10","","Mostly Cloudy"
"1998-03-20 11:00","1998","03","20","11:00"," ","-5.0","","-5.4","","97","","15","","11","","24.1","","95.86","","","","-10","","Mostly Cloudy"
"1998-03-20 12:00","1998","03","20","12:00"," ","-3.4","","-4.6","","91","","15","","9","","24.1","","95.86","","","","-7","","Mostly Cloudy"
"1998-03-20 13:00","1998","03","20","13:00"," ","-2.3","","-4.6","","84","","16","","11","","24.1","","95.83","","","","-6","","Cloudy"
"1998-03-20 14:00","1998","03","20","14:00"," ","-1.4","","-4.1","","82","","16","","11","","24.1","","95.80","","","","-5","","Cloudy"
"1998-03-20 15:00","1998","03","20","15:00"," ","0.4","","-3.7","","74","","16","","6","","24.1","","95.80","","","","","","Mostly Cloudy"
"1998-03-20 16:00","1998","03","20","16:00"," ","0.5","","-3.9","","72","","28","","4","","24.1","","95.83","","","","","","Cloudy"
"1998-03-20 17:00","1998","03","20","17:00"," ","-0.1","","-3.5","","78","","8","","7","","24.1","","95.83","","","","-3","","Mostly Cloudy"
"1998-03-20 18:00","1998","03","20","18:00"," ","-0.4","","-3.1","","82","","5","","7","","24.1","","95.83","","","","-3","","Mostly Cloudy"
"1998-03-20 19:00","1998","03","20","19:00"," ","-2.2","","-4.0","","87","","2","","9","","19.3","","95.86","","","","-6","","Mainly Clear"
"1998-03-20 20:00","1998","03","20","20:00"," ","-4.1","","-5.0","","93","","36","","11","","19.3","","95.90","","","","-9","","Mainly Clear"
"1998-03-20 21:00","1998","03","20","21:00"," ","-4.9","","-5.7","","94","","35","","15","","19.3","","95.93","","","","-10","","Clear"
"1998-03-20 22:00","1998","03","20","22:00"," ","-5.0","","-5.8","","94","","1","","9","","24.1","","95.93","","","","-9","","Mostly Cloudy"
"1998-03-20 23:00","1998","03","20","23:00"," ","-3.9","","-4.8","","93","","35","","11","","24.1","","95.96","","","","-8","","Mostly Cloudy"
"1998-03-21 00:00","1998","03","21","00:00"," ","-3.5","","-4.1","","96","","36","","13","","24.1","","95.96","","","","-8","","Cloudy"
"1998-03-21 01:00","1998","03","21","01:00"," ","-3.5","","-4.5","","93","","1","","11","","24.1","","95.96","","","","-8","","Cloudy"
"1998-03-21 02:00","1998","03","21","02:00"," ","-3.9","","-4.8","","93","","35","","11","","24.1","","95.96","","","","-8","","Cloudy"
"1998-03-21 03:00","1998","03","21","03:00"," ","-3.9","","-5.0","","92","","1","","19","","19.3","","95.96","","","","-10","","Snow"
"1998-03-21 04:00","1998","03","21","04:00"," ","-4.0","","-5.0","","93","","36","","13","","19.3","","95.96","","","","-9","","Snow"
"1998-03-21 05:00","1998","03","21","05:00"," ","-4.3","","-5.1","","94","","36","","11","","6.4","","95.99","","","","-9","","Snow"
"1998-03-21 06:00","1998","03","21","06:00"," ","-4.8","","-5.8","","93","","1","","11","","19.3","","96.02","","","","-9","","Snow"
"1998-03-21 07:00","1998","03","21","07:00"," ","-4.4","","-5.3","","93","","1","","7","","24.1","","96.09","","","","-8","","Snow"
"1998-03-21 08:00","1998","03","21","08:00"," ","-4.6","","-5.7","","92","","1","","17","","19.3","","96.09","","","","-10","","Snow"
"1998-03-21 09:00","1998","03","21","09:00"," ","-5.1","","-6.6","","89","","36","","19","","24.1","","96.09","","","","-12","","Snow"
"1998-03-21 10:00","1998","03","21","10:00"," ","-5.3","","-6.7","","90","","36","","15","","24.1","","96.09","","","","-11","","Mostly Cloudy"
"1998-03-21 11:00","1998","03","21","11:00"," ","-5.3","","-6.6","","91","","1","","15","","24.1","","96.12","","","","-11","","Mostly Cloudy"
"1998-03-21 12:00","1998","03","21","12:00"," ","-5.7","","-7.2","","89","","1","","15","","24.1","","96.12","","","","-11","","Mainly Clear"
"1998-03-21 13:00","1998","03","21","13:00"," ","-5.3","","-7.4","","85","","36","","13","","24.1","","96.09","","","","-10","","Mainly Clear"
"1998-03-21 14:00","1998","03","21","14:00"," ","-4.6","","-7.2","","82","","34","","15","","24.1","","96.09","","","","-10","","Mainly Clear"
"1998-03-21 15:00","1998","03","21","15:00"," ","-3.9","","-6.7","","81","","36","","13","","24.1","","96.09","","","","-9","","Mainly Clear"
"1998-03-21 16:00","1998","03","21","16:00"," ","-3.6","","-6.9","","78","","36","","11","","24.1","","96.09","","","","-8","","Clear"
"1998-03-21 17:00","1998","03","21","17:00"," ","-3.6","","-7.1","","77","","35","","7","","24.1","","96.09","","","","-7","","Clear"
"1998-03-21 18:00","1998","03","21","18:00"," ","-3.8","","-7.2","","77","","","","0","","24.1","","96.09","","","","","","Clear"
"1998-03-21 19:00","1998","03","21","19:00"," ","-5.0","","-8.1","","79","","","","0","","24.1","","96.12","","","","","","Clear"
"1998-03-21 20:00","1998","03","21","20:00"," ","-7.7","","-9.8","","85","","","","0","","24.1","","96.12","","","","","","Clear"
"1998-03-21 21:00","1998","03","21","21:00"," ","-9.3","","-9.9","","95","","","","0","","24.1","","96.12","","","","","","Clear"
"1998-03-21 22:00","1998","03","21","22:00"," ","-8.3","","-9.2","","93","","30","","6","","24.1","","96.15","","","","-12","","Clear"
"1998-03-21 23:00","1998","03","21","23:00"," ","-10.0","","-10.3","","98","","27","","6","","24.1","","96.15","","","","-14","","Mainly Clear"
"1998-03-22 00:00","1998","03","22","00:00"," ","-10.2","","-11.0","","94","","36","","13","","24.1","","96.15","","","","-16","","Mostly Cloudy"
"1998-03-22 01:00","1998","03","22","01:00"," ","-10.4","","-11.1","","95","","27","","13","","24.1","","96.15","","","","-17","","Mainly Clear"
"1998-03-22 02:00","1998","03","22","02:00"," ","-11.2","","-12.0","","94","","27","","13","","24.1","","96.15","","","","-18","","Mainly Clear"
"1998-03-22 03:00","1998","03","22","03:00"," ","-12.7","","-13.4","","94","","27","","7","","1.2","","96.12","","","","-17","","Fog"
"1998-03-22 04:00","1998","03","22","04:00"," ","-13.9","","-14.8","","93","","28","","7","","1.2","","96.12","","","","-19","","Fog"
"1998-03-22 05:00","1998","03","22","05:00"," ","-13.7","","-15.1","","89","","28","","9","","16.1","","96.22","","","","-19","","Mainly Clear"
"1998-03-22 06:00","1998","03","22","06:00"," ","-14.6","","-15.3","","94","","","","0","","19.3","","96.22","","","","","","Mostly Cloudy"
"1998-03-22 07:00","1998","03","22","07:00"," ","-14.0","","-15.1","","91","","","","0","","16.1","","96.22","","","","","","Mostly Cloudy"
"1998-03-22 08:00","1998","03","22","08:00"," ","-12.3","","-13.4","","91","","28","","4","","24.1","","96.32","","","","-15","","Snow"
"1998-03-22 09:00","1998","03","22","09:00"," ","-11.6","","-12.5","","93","","","","0","","2.4","","96.25","","","","","","Snow"
"1998-03-22 10:00","1998","03","22","10:00"," ","-10.0","","-11.1","","92","","","","0","","9.7","","96.22","","","","","","Snow"
"1998-03-22 11:00","1998","03","22","11:00"," ","-7.3","","-7.8","","96","","28","","6","","24.1","","96.22","","","","-10","","Mostly Cloudy"
"1998-03-22 12:00","1998","03","22","12:00"," ","-6.8","","-8.3","","89","","","","0","","24.1","","96.15","","","","","","Mostly Cloudy"
"1998-03-22 13:00","1998","03","22","13:00"," ","-4.6","","-7.8","","78","","29","","7","","24.1","","96.19","","","","-8","","Mainly Clear"
"1998-03-22 14:00","1998","03","22","14:00"," ","-3.3","","-7.4","","73","","28","","11","","24.1","","96.15","","","","-8","","Mainly Clear"
"1998-03-22 15:00","1998","03","22","15:00"," ","-2.7","","-7.3","","71","","29","","13","","24.1","","96.15","","","","-7","","Clear"
"1998-03-22 16:00","1998","03","22","16:00"," ","-2.5","","-7.0","","71","","29","","15","","24.1","","96.12","","","","-7","","Clear"
"1998-03-22 17:00","1998","03","22","17:00"," ","-2.9","","-7.0","","73","","28","","15","","24.1","","96.12","","","","-8","","Clear"
"1998-03-22 18:00","1998","03","22","18:00"," ","-3.3","","-7.5","","73","","30","","13","","24.1","","96.09","","","","-8","","Clear"
"1998-03-22 19:00","1998","03","22","19:00"," ","-5.4","","-9.7","","72","","30","","11","","24.1","","96.09","","","","-10","","Mainly Clear"
"1998-03-22 20:00","1998","03","22","20:00"," ","-7.0","","-9.6","","82","","30","","13","","24.1","","96.09","","","","-13","","Mainly Clear"
"1998-03-22 21:00","1998","03","22","21:00"," ","-7.3","","-9.8","","82","","27","","13","","24.1","","96.15","","","","-13","","Clear"
"1998-03-22 22:00","1998","03","22","22:00"," ","-7.7","","-10.3","","82","","29","","17","","24.1","","96.19","","","","-14","","Clear"
"1998-03-22 23:00","1998","03","22","23:00"," ","-9.2","","-10.8","","88","","31","","9","","24.1","","96.19","","","","-14","","Clear"
"1998-03-23 00:00","1998","03","23","00:00"," ","-8.6","","-10.2","","88","","31","","7","","24.1","","96.19","","","","-12","","Clear"
"1998-03-23 01:00","1998","03","23","01:00"," ","-11.4","","-12.2","","94","","27","","6","","24.1","","96.19","","","","-15","","Clear"
"1998-03-23 02:00","1998","03","23","02:00"," ","-11.4","","-12.1","","95","","26","","7","","24.1","","96.22","","","","-16","","Clear"
"1998-03-23 03:00","1998","03","23","03:00"," ","-15.5","","-16.5","","92","","","","0","","24.1","","96.19","","","","","","Clear"
"1998-03-23 04:00","1998","03","23","04:00"," ","-15.7","","-16.8","","91","","","","0","","12.9","","96.22","","","","","","Clear"
"1998-03-23 05:00","1998","03","23","05:00"," ","-14.3","","-15.4","","91","","23","","2","","6.4","","96.19","","","","-16","","Fog"
"1998-03-23 06:00","1998","03","23","06:00"," ","-15.5","","-15.6","","99","","","","0","","0.8","","96.22","","","","","","Fog"
"1998-03-23 07:00","1998","03","23","07:00"," ","-16.6","","-18.5","","85","","","","0","","1.0","","96.22","","","","","","Fog"
"1998-03-23 08:00","1998","03","23","08:00"," ","-14.7","","-15.7","","92","","","","0","","1.0","","96.22","","","","","","Fog"
"1998-03-23 09:00","1998","03","23","09:00"," ","-12.3","","-13.3","","92","","","","0","","1.6","","96.22","","","","","","Fog"
"1998-03-23 10:00","1998","03","23","10:00"," ","-9.6","","-10.3","","95","","10","","2","","4.8","","96.25","","","","-11","","Fog"
"1998-03-23 11:00","1998","03","23","11:00"," ","-7.9","","-9.0","","92","","22","","6","","9.7","","96.22","","","","-11","","Fog"
"1998-03-23 12:00","1998","03","23","12:00"," ","-5.4","","-8.4","","79","","24","","9","","24.1","","96.19","","","","-9","","Clear"
"1998-03-23 13:00","1998","03","23","13:00"," ","-3.2","","-7.0","","75","","22","","6","","24.1","","96.12","","","","-6","","Clear"
"1998-03-23 14:00","1998","03","23","14:00"," ","-2.3","","-6.4","","73","","15","","7","","24.1","","96.09","","","","-5","","Clear"
"1998-03-23 15:00","1998","03","23","15:00"," ","-2.1","","-6.5","","72","","18","","11","","24.1","","96.02","","","","-6","","Clear"
"1998-03-23 16:00","1998","03","23","16:00"," ","-2.0","","-6.4","","72","","16","","9","","24.1","","96.02","","","","-5","","Clear"
"1998-03-23 17:00","1998","03","23","17:00"," ","-1.9","","-6.7","","70","","13","","7","","24.1","","95.93","","","","-5","","Clear"
"1998-03-23 18:00","1998","03","23","18:00"," ","-2.5","","-7.2","","70","","13","","9","","24.1","","95.83","","","","-6","","Clear"
"1998-03-23 19:00","1998","03","23","19:00"," ","-4.3","","-8.4","","73","","14","","11","","24.1","","95.80","","","","-9","","Mainly Clear"
"1998-03-23 20:00","1998","03","23","20:00"," ","-6.3","","-9.5","","78","","15","","9","","24.1","","95.77","","","","-11","","Mainly Clear"
"1998-03-23 21:00","1998","03","23","21:00"," ","-7.8","","-10.5","","81","","15","","17","","24.1","","95.70","","","","-14","","Clear"
"1998-03-23 22:00","1998","03","23","22:00"," ","-7.5","","-10.0","","82","","15","","17","","24.1","","95.67","","","","-14","","Clear"
"1998-03-23 23:00","1998","03","23","23:00"," ","-8.0","","-10.2","","84","","15","","20","","24.1","","95.61","","","","-15","","Clear"
"1998-03-24 00:00","1998","03","24","00:00"," ","-8.8","","-10.9","","85","","15","","19","","24.1","","95.51","","","","-16","","Clear"
"1998-03-24 01:00","1998","03","24","01:00"," ","-8.8","","-11.4","","81","","16","","19","","24.1","","95.44","","","","-16","","Mainly Clear"
"1998-03-24 02:00","1998","03","24","02:00"," ","-9.2","","-11.5","","83","","16","","19","","24.1","","95.38","","","","-17","","Mainly Clear"
"1998-03-24 03:00","1998","03","24","03:00"," ","-6.6","","-8.6","","86","","15","","20","","24.1","","95.28","","","","-14","","Mostly Cloudy"
"1998-03-24 04:00","1998","03","24","04:00"," ","-6.4","","-8.5","","85","","15","","22","","24.1","","95.15","","","","-14","","Cloudy"
"1998-03-24 05:00","1998","03","24","05:00"," ","-6.5","","-8.4","","86","","15","","22","","24.1","","95.06","","","","-14","","Cloudy"
"1998-03-24 06:00","1998","03","24","06:00"," ","-5.9","","-7.7","","87","","15","","19","","24.1","","94.96","","","","-13","","Cloudy"
"1998-03-24 07:00","1998","03","24","07:00"," ","-5.8","","-7.5","","88","","15","","28","","19.3","","94.90","","","","-14","","Freezing Drizzle"
"1998-03-24 08:00","1998","03","24","08:00"," ","-5.5","","-7.2","","88","","15","","32","","24.1","","94.80","","","","-14","","Cloudy"
"1998-03-24 09:00","1998","03","24","09:00"," ","-4.9","","-6.5","","89","","15","","30","","24.1","","94.73","","","","-13","","Cloudy"
"1998-03-24 10:00","1998","03","24","10:00"," ","-3.7","","-5.4","","88","","15","","28","","12.9","","94.67","","","","-11","","Freezing Rain"
"1998-03-24 11:00","1998","03","24","11:00"," ","-3.2","","-4.8","","89","","16","","26","","12.9","","94.64","","","","-10","","Freezing Rain,Ice Pellets"
"1998-03-24 12:00","1998","03","24","12:00"," ","-2.3","","-3.6","","91","","16","","28","","9.7","","94.51","","","","-9","","Freezing Rain"
"1998-03-24 13:00","1998","03","24","13:00"," ","-0.7","","-1.9","","92","","16","","28","","8.0","","94.41","","","","-7","","Freezing Drizzle"
"1998-03-24 14:00","1998","03","24","14:00"," ","0.0","","-1.2","","92","","16","","22","","9.7","","94.35","","","","-6","","Rain"
"1998-03-24 15:00","1998","03","24","15:00"," ","0.6","","-0.9","","90","","16","","26","","16.1","","94.25","","","","","","Rain"
"1998-03-24 16:00","1998","03","24","16:00"," ","0.7","","-0.7","","90","","17","","24","","12.9","","94.25","","","","","","Cloudy"
"1998-03-24 17:00","1998","03","24","17:00"," ","1.3","","0.2","","92","","17","","17","","9.7","","94.15","","","","","","Fog"
"1998-03-24 18:00","1998","03","24","18:00"," ","1.6","","1.1","","96","","18","","17","","8.0","","94.09","","","","","","Fog"
"1998-03-24 19:00","1998","03","24","19:00"," ","1.4","","1.3","","99","","20","","15","","1.2","","94.15","","","","","","Drizzle,Fog"
"1998-03-24 20:00","1998","03","24","20:00"," ","1.2","","1.2","","100","","20","","19","","1.2","","94.15","","","","","","Fog"
"1998-03-24 21:00","1998","03","24","21:00"," ","1.4","","1.4","","100","","23","","20","","3.2","","94.15","","","","","","Fog"
"1998-03-24 22:00","1998","03","24","22:00"," ","1.2","","1.2","","100","","22","","15","","8.0","","94.15","","","","","","Fog"
"1998-03-24 23:00","1998","03","24","23:00"," ","0.8","","0.8","","100","","22","","13","","9.7","","94.19","","","","","","Fog"
"1998-03-25 00:00","1998","03","25","00:00"," ","0.8","","0.7","","99","","21","","15","","19.3","","94.12","","","","","","Cloudy"
"1998-03-25 01:00","1998","03","25","01:00"," ","1.1","","0.6","","96","","21","","11","","19.3","","94.12","","","","","","Cloudy"
"1998-03-25 02:00","1998","03","25","02:00"," ","1.4","","0.7","","95","","20","","15","","24.1","","94.12","","","","","","Mostly Cloudy"
"1998-03-25 03:00","1998","03","25","03:00"," ","1.3","","0.6","","95","","22","","13","","16.1","","94.15","","","","","","Cloudy"
"1998-03-25 04:00","1998","03","25","04:00"," ","0.3","","0.3","","100","","21","","11","","0.6","","94.15","","","","","","Fog"
"1998-03-25 05:00","1998","03","25","05:00"," ","-0.6","","-0.7","","99","","20","","17","","0.4","","94.15","","","","-6","","Fog"
"1998-03-25 06:00","1998","03","25","06:00"," ","-0.8","","-0.8","","100","","21","","20","","0.6","","94.15","","","","-6","","Fog"
"1998-03-25 07:00","1998","03","25","07:00"," ","-0.9","","-1.0","","99","","20","","15","","9.7","","94.12","","","","-6","","Fog"
"1998-03-25 08:00","1998","03","25","08:00"," ","-0.9","","-1.5","","96","","19","","4","","12.9","","94.09","","","","-2","","Mainly Clear"
"1998-03-25 09:00","1998","03","25","09:00"," ","0.0","","-0.9","","94","","19","","9","","19.3","","94.06","","","","-3","","Mainly Clear"
"1998-03-25 10:00","1998","03","25","10:00"," ","1.2","","-0.9","","86","","19","","15","","24.1","","94.09","","","","","","Clear"
"1998-03-25 11:00","1998","03","25","11:00"," ","2.5","","-0.7","","79","","21","","20","","24.1","","94.09","","","","","","Clear"
"1998-03-25 12:00","1998","03","25","12:00"," ","3.4","","-0.5","","76","","22","","20","","24.1","","94.06","","","","","","Mainly Clear"
"1998-03-25 13:00","1998","03","25","13:00"," ","3.7","","-0.3","","75","","21","","19","","24.1","","94.06","","","","","","Mainly Clear"
"1998-03-25 14:00","1998","03","25","14:00"," ","4.6","","0.1","","73","","20","","13","","24.1","","94.02","","","","","","Mainly Clear"
"1998-03-25 15:00","1998","03","25","15:00"," ","5.0","","0.4","","72","","20","","13","","24.1","","93.99","","","","","","Mainly Clear"
"1998-03-25 16:00","1998","03","25","16:00"," ","5.0","","0.5","","73","","20","","13","","24.1","","93.96","","","","","","Clear"
"1998-03-25 17:00","1998","03","25","17:00"," ","5.5","","0.4","","70","","22","","9","","24.1","","93.93","","","","","","Mainly Clear"
"1998-03-25 18:00","1998","03","25","18:00"," ","4.9","","0.3","","72","","20","","17","","24.1","","93.96","","","","","","Mainly Clear"
"1998-03-25 19:00","1998","03","25","19:00"," ","3.3","","0.0","","79","","21","","15","","24.1","","93.99","","","","","","Mainly Clear"
"1998-03-25 20:00","1998","03","25","20:00"," ","2.0","","-0.6","","83","","20","","19","","24.1","","94.02","","","","","","Mainly Clear"
"1998-03-25 21:00","1998","03","25","21:00"," ","2.2","","0.0","","85","","19","","13","","24.1","","94.02","","","","","","Mainly Clear"
"1998-03-25 22:00","1998","03","25","22:00"," ","0.1","","-1.0","","92","","18","","13","","24.1","","94.02","","","","","","Clear"
"1998-03-25 23:00","1998","03","25","23:00"," ","0.7","","-0.7","","90","","22","","15","","24.1","","93.96","","","","","","Clear"
"1998-03-26 00:00","1998","03","26","00:00"," ","0.1","","-0.9","","93","","23","","4","","24.1","","93.96","","","","","","Clear"
"1998-03-26 01:00","1998","03","26","01:00"," ","-0.2","","-1.2","","93","","23","","9","","24.1","","93.96","","","","-3","","Clear"
"1998-03-26 02:00","1998","03","26","02:00"," ","-1.0","","-1.4","","97","","33","","6","","24.1","","93.96","","","","-3","","Clear"
"1998-03-26 03:00","1998","03","26","03:00"," ","-0.6","","-1.0","","97","","30","","4","","24.1","","93.96","","","","-2","","Clear"
"1998-03-26 04:00","1998","03","26","04:00"," ","-2.3","","-2.8","","96","","","","0","","24.1","","93.96","","","","","","Clear"
"1998-03-26 05:00","1998","03","26","05:00"," ","-2.6","","-2.6","","100","","","","0","","4.8","","93.99","","","","","","Fog"
"1998-03-26 06:00","1998","03","26","06:00"," ","-3.8","","-4.2","","97","","23","","4","","0.8","","93.99","","","","-5","","Fog"
"1998-03-26 07:00","1998","03","26","07:00"," ","-3.6","","-3.9","","98","","23","","4","","0.8","","94.02","","","","-5","","Fog"
"1998-03-26 08:00","1998","03","26","08:00"," ","-4.2","","-4.3","","99","","17","","4","","0.8","","94.02","","","","-6","","Fog"
"1998-03-26 09:00","1998","03","26","09:00"," ","-1.7","","-1.9","","99","","","","0","","4.0","","94.06","","","","","","Fog"
"1998-03-26 10:00","1998","03","26","10:00"," ","0.1","","-0.2","","98","","17","","9","","8.0","","94.06","","","","","","Fog"
"1998-03-26 11:00","1998","03","26","11:00"," ","2.6","","0.7","","87","","19","","7","","11.3","","94.06","","","","","","Mainly Clear"
"1998-03-26 12:00","1998","03","26","12:00"," ","4.6","","0.9","","77","","23","","7","","16.1","","94.06","","","","","","Mainly Clear"
"1998-03-26 13:00","1998","03","26","13:00"," ","5.4","","0.8","","72","","","","0","","24.1","","93.99","","","","","","Mainly Clear"
"1998-03-26 14:00","1998","03","26","14:00"," ","6.0","","0.5","","68","","12","","9","","24.1","","93.93","","","","","","Mainly Clear"
"1998-03-26 15:00","1998","03","26","15:00"," ","6.6","","-0.2","","62","","13","","7","","24.1","","93.90","","","","","","Mainly Clear"
"1998-03-26 16:00","1998","03","26","16:00"," ","6.7","","0.0","","62","","16","","13","","24.1","","93.86","","","","","","Mainly Clear"
"1998-03-26 17:00","1998","03","26","17:00"," ","6.3","","-1.5","","57","","16","","19","","24.1","","93.86","","","","","","Mainly Clear"
"1998-03-26 18:00","1998","03","26","18:00"," ","5.3","","-0.8","","65","","18","","13","","24.1","","93.86","","","","","","Mostly Cloudy"
"1998-03-26 19:00","1998","03","26","19:00"," ","3.8","","-0.3","","75","","18","","11","","24.1","","93.86","","","","","","Mostly Cloudy"
"1998-03-26 20:00","1998","03","26","20:00"," ","3.4","","-0.1","","78","","17","","15","","24.1","","93.86","","","","","","Mostly Cloudy"
"1998-03-26 21:00","1998","03","26","21:00"," ","3.0","","0.3","","82","","17","","22","","24.1","","93.83","","","","","","Mostly Cloudy"
"1998-03-26 22:00","1998","03","26","22:00"," ","2.7","","0.9","","88","","17","","19","","24.1","","93.83","","","","","","Mainly Clear"
"1998-03-26 23:00","1998","03","26","23:00"," ","2.5","","0.7","","88","","19","","19","","24.1","","93.80","","","","","","Mostly Cloudy"
"1998-03-27 00:00","1998","03","27","00:00"," ","2.3","","0.8","","90","","19","","13","","24.1","","93.83","","","","","","Mostly Cloudy"
"1998-03-27 01:00","1998","03","27","01:00"," ","3.0","","1.3","","89","","19","","11","","24.1","","93.80","","","","","","Mostly Cloudy"
"1998-03-27 02:00","1998","03","27","02:00"," ","1.9","","0.6","","91","","21","","13","","24.1","","93.80","","","","","","Mainly Clear"
"1998-03-27 03:00","1998","03","27","03:00"," ","2.0","","0.4","","89","","23","","15","","24.1","","93.83","","","","","","Mainly Clear"
"1998-03-27 04:00","1998","03","27","04:00"," ","2.3","","-0.1","","84","","22","","19","","24.1","","93.80","","","","","","Clear"
"1998-03-27 05:00","1998","03","27","05:00"," ","1.1","","-0.8","","87","","22","","17","","24.1","","93.83","","","","","","Clear"
"1998-03-27 06:00","1998","03","27","06:00"," ","0.6","","-1.3","","87","","22","","13","","24.1","","93.90","","","","","","Clear"
"1998-03-27 07:00","1998","03","27","07:00"," ","0.5","","-1.7","","85","","23","","17","","24.1","","93.96","","","","","","Clear"
"1998-03-27 08:00","1998","03","27","08:00"," ","1.1","","-1.6","","82","","22","","19","","24.1","","93.99","","","","","","Mainly Clear"
"1998-03-27 09:00","1998","03","27","09:00"," ","1.9","","-1.1","","80","","23","","22","","24.1","","94.06","","","","","","Mainly Clear"
"1998-03-27 10:00","1998","03","27","10:00"," ","2.7","","-0.5","","79","","24","","20","","24.1","","94.09","","","","","","Mainly Clear"
"1998-03-27 11:00","1998","03","27","11:00"," ","3.7","","0.0","","77","","24","","17","","24.1","","94.15","","","","","","Mainly Clear"
"1998-03-27 12:00","1998","03","27","12:00"," ","4.1","","0.3","","76","","24","","13","","24.1","","94.19","","","","","","Mostly Cloudy"
"1998-03-27 13:00","1998","03","27","13:00"," ","5.1","","0.8","","74","","23","","13","","24.1","","94.19","","","","","","Mainly Clear"
"1998-03-27 14:00","1998","03","27","14:00"," ","6.0","","1.3","","72","","26","","11","","24.1","","94.19","","","","","","Mainly Clear"
"1998-03-27 15:00","1998","03","27","15:00"," ","6.4","","1.0","","68","","28","","11","","24.1","","94.22","","","","","","Mainly Clear"
"1998-03-27 16:00","1998","03","27","16:00"," ","6.6","","1.1","","68","","28","","4","","24.1","","94.25","","","","","","Mainly Clear"
"1998-03-27 17:00","1998","03","27","17:00"," ","7.6","","1.1","","63","","27","","2","","24.1","","94.25","","","","","","Mainly Clear"
"1998-03-27 18:00","1998","03","27","18:00"," ","6.6","","1.5","","70","","20","","6","","24.1","","94.28","","","","","","Clear"
"1998-03-27 19:00","1998","03","27","19:00"," ","4.0","","0.8","","80","","22","","9","","24.1","","94.31","","","","","","Clear"
"1998-03-27 20:00","1998","03","27","20:00"," ","2.3","","0.1","","85","","19","","11","","24.1","","94.31","","","","","","Clear"
"1998-03-27 21:00","1998","03","27","21:00"," ","2.4","","0.7","","89","","23","","17","","24.1","","94.35","","","","","","Clear"
"1998-03-27 22:00","1998","03","27","22:00"," ","2.1","","0.3","","88","","24","","19","","24.1","","94.38","","","","","","Clear"
"1998-03-27 23:00","1998","03","27","23:00"," ","1.6","","-0.6","","85","","24","","15","","24.1","","94.38","","","","","","Clear"
"1998-03-28 00:00","1998","03","28","00:00"," ","0.7","","-1.3","","86","","26","","17","","24.1","","94.41","","","","","","Clear"
"1998-03-28 01:00","1998","03","28","01:00"," ","0.3","","-2.8","","80","","27","","20","","24.1","","94.44","","","","","","Clear"
"1998-03-28 02:00","1998","03","28","02:00"," ","-1.5","","-3.6","","86","","24","","11","","24.1","","94.48","","","","-5","","Clear"
"1998-03-28 03:00","1998","03","28","03:00"," ","-2.3","","-4.4","","85","","23","","9","","24.1","","94.48","","","","-6","","Clear"
"1998-03-28 04:00","1998","03","28","04:00"," ","-2.5","","-4.1","","89","","27","","11","","24.1","","94.48","","","","-7","","Mainly Clear"
"1998-03-28 05:00","1998","03","28","05:00"," ","-0.9","","-3.2","","84","","26","","9","","24.1","","94.44","","","","-4","","Mostly Cloudy"
"1998-03-28 06:00","1998","03","28","06:00"," ","-0.5","","-2.7","","85","","27","","22","","24.1","","94.48","","","","-6","","Mostly Cloudy"
"1998-03-28 07:00","1998","03","28","07:00"," ","-0.1","","-3.1","","80","","26","","24","","24.1","","94.51","","","","-6","","Mainly Clear"
"1998-03-28 08:00","1998","03","28","08:00"," ","0.8","","-2.2","","80","","26","","33","","24.1","","94.54","","","","","","Mostly Cloudy"
"1998-03-28 09:00","1998","03","28","09:00"," ","1.6","","-2.1","","76","","28","","35","","24.1","","94.54","","","","","","Mostly Cloudy"
"1998-03-28 10:00","1998","03","28","10:00"," ","1.7","","-1.6","","79","","28","","32","","24.1","","94.64","","","","","","Mostly Cloudy"
"1998-03-28 11:00","1998","03","28","11:00"," ","1.2","","-1.1","","85","","30","","32","","24.1","","94.67","","","","","","Cloudy"
"1998-03-28 12:00","1998","03","28","12:00"," ","1.7","","-2.1","","76","","31","","44","","24.1","","94.77","","","","","","Mostly Cloudy"
"1998-03-28 13:00","1998","03","28","13:00"," ","2.1","","-2.1","","74","","31","","39","","24.1","","94.83","","","","","","Mostly Cloudy"
"1998-03-28 14:00","1998","03","28","14:00"," ","2.7","","-1.8","","72","","32","","33","","24.1","","94.86","","","","","","Clear"
"1998-03-28 15:00","1998","03","28","15:00"," ","3.0","","-2.0","","70","","32","","30","","24.1","","94.93","","","","","","Clear"
"1998-03-28 16:00","1998","03","28","16:00"," ","3.0","","-2.2","","69","","31","","26","","24.1","","94.99","","","","","","Clear"
"1998-03-28 17:00","1998","03","28","17:00"," ","3.1","","-2.3","","68","","31","","24","","24.1","","95.12","","","","","","Clear"
"1998-03-28 18:00","1998","03","28","18:00"," ","3.3","","-2.2","","67","","29","","15","","24.1","","95.22","","","","","","Clear"
"1998-03-28 19:00","1998","03","28","19:00"," ","2.2","","-2.0","","74","","31","","15","","24.1","","95.31","","","","","","Mostly Cloudy"
"1998-03-28 20:00","1998","03","28","20:00"," ","0.8","","-2.7","","77","","30","","15","","24.1","","95.38","","","","","","Mostly Cloudy"
"1998-03-28 21:00","1998","03","28","21:00"," ","0.4","","-2.3","","82","","30","","11","","24.1","","95.48","","","","","","Mainly Clear"
"1998-03-28 22:00","1998","03","28","22:00"," ","-0.5","","-2.5","","86","","29","","15","","24.1","","95.51","","","","-5","","Clear"
"1998-03-28 23:00","1998","03","28","23:00"," ","-1.8","","-3.4","","89","","28","","15","","24.1","","95.57","","","","-7","","Clear"
"1998-03-29 00:00","1998","03","29","00:00"," ","-1.7","","-3.6","","87","","27","","9","","24.1","","95.61","","","","-5","","Clear"
"1998-03-29 01:00","1998","03","29","01:00"," ","-2.8","","-4.5","","88","","28","","7","","24.1","","95.61","","","","-6","","Clear"
"1998-03-29 02:00","1998","03","29","02:00"," ","-2.9","","-4.5","","89","","29","","6","","24.1","","95.61","","","","-5","","Clear"
"1998-03-29 03:00","1998","03","29","03:00"," ","-4.5","","-5.8","","91","","","","0","","24.1","","95.61","","","","","","Clear"
"1998-03-29 04:00","1998","03","29","04:00"," ","-4.7","","-6.3","","89","","","","0","","24.1","","95.57","","","","","","Mainly Clear"
"1998-03-29 05:00","1998","03","29","05:00"," ","-6.3","","-7.1","","94","","25","","4","","24.1","","95.57","","","","-8","","Mainly Clear"
"1998-03-29 06:00","1998","03","29","06:00"," ","-5.9","","-6.4","","96","","20","","4","","24.1","","95.64","","","","-8","","Mostly Cloudy"
"1998-03-29 07:00","1998","03","29","07:00"," ","-6.2","","-7.0","","94","","21","","7","","24.1","","95.67","","","","-10","","Mainly Clear"
"1998-03-29 08:00","1998","03","29","08:00"," ","-3.5","","-5.1","","89","","20","","7","","24.1","","95.67","","","","-6","","Mainly Clear"
"1998-03-29 09:00","1998","03","29","09:00"," ","-0.8","","-4.2","","78","","20","","11","","24.1","","95.67","","","","-5","","Clear"
"1998-03-29 10:00","1998","03","29","10:00"," ","1.8","","-4.3","","64","","25","","7","","24.1","","95.67","","","","","","Mainly Clear"
"1998-03-29 11:00","1998","03","29","11:00"," ","3.4","","-4.6","","56","","26","","9","","24.1","","95.67","","","","","","Mainly Clear"
"1998-03-29 12:00","1998","03","29","12:00"," ","4.5","","-5.0","","50","","23","","13","","24.1","","95.64","","","","","","Clear"
"1998-03-29 13:00","1998","03","29","13:00"," ","5.1","","-5.1","","48","","24","","11","","24.1","","95.57","","","","","","Clear"
"1998-03-29 14:00","1998","03","29","14:00"," ","5.6","","-4.5","","48","","23","","15","","24.1","","95.51","","","","","","Clear"
"1998-03-29 15:00","1998","03","29","15:00"," ","5.5","","-3.8","","51","","23","","17","","24.1","","95.44","","","","","","Clear"
"1998-03-29 16:00","1998","03","29","16:00"," ","5.5","","-4.7","","48","","22","","19","","24.1","","95.38","","","","","","Clear"
"1998-03-29 17:00","1998","03","29","17:00"," ","5.3","","-3.7","","52","","23","","15","","24.1","","95.35","","","","","","Clear"
"1998-03-29 18:00","1998","03","29","18:00"," ","4.5","","-3.0","","58","","22","","13","","24.1","","95.28","","","","","","Clear"
"1998-03-29 19:00","1998","03","29","19:00"," ","2.4","","-2.7","","69","","21","","9","","24.1","","95.25","","","","","","Clear"
"1998-03-29 20:00","1998","03","29","20:00"," ","0.8","","-3.3","","74","","19","","11","","24.1","","95.25","","","","","","Clear"
"1998-03-29 21:00","1998","03","29","21:00"," ","-0.6","","-3.9","","78","","19","","13","","24.1","","95.25","","","","-5","","Clear"
"1998-03-29 22:00","1998","03","29","22:00"," ","0.1","","-3.4","","77","","21","","17","","24.1","","95.22","","","","","","Clear"
"1998-03-29 23:00","1998","03","29","23:00"," ","-0.2","","-2.5","","84","","21","","19","","24.1","","95.19","","","","-5","","Mainly Clear"
"1998-03-30 00:00","1998","03","30","00:00"," ","-0.3","","-5.7","","67","","21","","17","","24.1","","95.15","","","","-5","","Mainly Clear"
"1998-03-30 01:00","1998","03","30","01:00"," ","0.1","","-5.1","","68","","21","","17","","24.1","","95.12","","","","","","Mostly Cloudy"
"1998-03-30 02:00","1998","03","30","02:00"," ","0.3","","-4.5","","70","","21","","17","","24.1","","95.09","","","","","","Mostly Cloudy"
"1998-03-30 03:00","1998","03","30","03:00"," ","-0.3","","-4.2","","75","","22","","15","","24.1","","95.02","","","","-5","","Cloudy"
"1998-03-30 04:00","1998","03","30","04:00"," ","-1.5","","-4.4","","81","","21","","15","","24.1","","94.99","","","","-6","","Cloudy"
"1998-03-30 05:00","1998","03","30","05:00"," ","-1.0","","-4.1","","79","","22","","17","","24.1","","94.93","","","","-6","","Mostly Cloudy"
"1998-03-30 06:00","1998","03","30","06:00"," ","0.1","","-4.5","","71","","22","","22","","24.1","","94.86","","","","","","Mostly Cloudy"
"1998-03-30 07:00","1998","03","30","07:00"," ","0.1","","-5.0","","69","","22","","24","","24.1","","94.83","","","","","","Mostly Cloudy"
"1998-03-30 08:00","1998","03","30","08:00"," ","0.5","","-4.5","","69","","23","","22","","24.1","","94.86","","","","","","Mainly Clear"
"1998-03-30 09:00","1998","03","30","09:00"," ","1.3","","-3.3","","71","","23","","20","","24.1","","94.83","","","","","","Mainly Clear"
"1998-03-30 10:00","1998","03","30","10:00"," ","3.2","","-2.0","","69","","23","","22","","24.1","","94.86","","","","","","Mostly Cloudy"
"1998-03-30 11:00","1998","03","30","11:00"," ","4.2","","-2.1","","64","","23","","22","","24.1","","94.86","","","","","","Mainly Clear"
"1998-03-30 12:00","1998","03","30","12:00"," ","4.5","","-1.0","","67","","22","","19","","24.1","","94.83","","","","","","Mainly Clear"
"1998-03-30 13:00","1998","03","30","13:00"," ","5.2","","-0.6","","66","","22","","17","","24.1","","94.83","","","","","","Mainly Clear"
"1998-03-30 14:00","1998","03","30","14:00"," ","6.3","","-0.7","","61","","22","","20","","24.1","","94.80","","","","","","Mainly Clear"
"1998-03-30 15:00","1998","03","30","15:00"," ","7.4","","0.4","","61","","23","","17","","24.1","","94.77","","","","","","Mainly Clear"
"1998-03-30 16:00","1998","03","30","16:00"," ","8.2","","-0.6","","54","","24","","13","","24.1","","94.77","","","","","","Mainly Clear"
"1998-03-30 17:00","1998","03","30","17:00"," ","8.6","","-1.0","","51","","23","","11","","24.1","","94.77","","","","","","Mainly Clear"
"1998-03-30 18:00","1998","03","30","18:00"," ","8.3","","-1.2","","51","","22","","6","","24.1","","94.73","","","","","","Mostly Cloudy"
"1998-03-30 19:00","1998","03","30","19:00"," ","5.5","","-1.1","","62","","20","","4","","24.1","","94.80","","","","","","Mostly Cloudy"
"1998-03-30 20:00","1998","03","30","20:00"," ","4.4","","-1.2","","67","","16","","11","","24.1","","94.80","","","","","","Mostly Cloudy"
"1998-03-30 21:00","1998","03","30","21:00"," ","2.7","","-1.4","","74","","16","","13","","24.1","","94.83","","","","","","Mostly Cloudy"
"1998-03-30 22:00","1998","03","30","22:00"," ","1.5","","-1.4","","81","","17","","15","","24.1","","94.86","","","","","","Mostly Cloudy"
"1998-03-30 23:00","1998","03","30","23:00"," ","1.2","","-1.5","","82","","18","","15","","24.1","","94.86","","","","","","Mostly Cloudy"
"1998-03-31 00:00","1998","03","31","00:00"," ","0.1","","-2.0","","86","","17","","6","","24.1","","94.86","","","","","","Mostly Cloudy"
"1998-03-31 01:00","1998","03","31","01:00"," ","0.0","","-2.2","","85","","17","","11","","24.1","","94.86","","","","-4","","Mostly Cloudy"
"1998-03-31 02:00","1998","03","31","02:00"," ","-0.1","","-2.3","","85","","17","","13","","24.1","","94.86","","","","-4","","Mostly Cloudy"
"1998-03-31 03:00","1998","03","31","03:00"," ","-0.7","","-2.8","","86","","19","","6","","24.1","","94.86","","","","-3","","Mostly Cloudy"
"1998-03-31 04:00","1998","03","31","04:00"," ","-1.8","","-3.2","","90","","18","","4","","24.1","","94.90","","","","-3","","Mostly Cloudy"
"1998-03-31 05:00","1998","03","31","05:00"," ","-2.5","","-3.8","","91","","15","","4","","24.1","","94.93","","","","-4","","Mainly Clear"
"1998-03-31 06:00","1998","03","31","06:00"," ","-3.1","","-4.3","","91","","13","","6","","24.1","","94.96","","","","-6","","Mainly Clear"
"1998-03-31 07:00","1998","03","31","07:00"," ","-2.9","","-4.2","","91","","15","","6","","24.1","","95.02","","","","-5","","Clear"
"1998-03-31 08:00","1998","03","31","08:00"," ","-1.0","","-2.7","","88","","15","","7","","24.1","","95.06","","","","-4","","Clear"
"1998-03-31 09:00","1998","03","31","09:00"," ","1.2","","-1.1","","85","","17","","6","","24.1","","95.06","","","","","","Clear"
"1998-03-31 10:00","1998","03","31","10:00"," ","4.3","","-0.4","","71","","10","","6","","24.1","","95.09","","","","","","Mainly Clear"
"1998-03-31 11:00","1998","03","31","11:00"," ","4.9","","-0.1","","70","","7","","4","","24.1","","95.09","","","","","","Clear"
"1998-03-31 12:00","1998","03","31","12:00"," ","6.5","","0.8","","67","","10","","9","","24.1","","95.09","","","","","","Clear"
"1998-03-31 13:00","1998","03","31","13:00"," ","7.7","","1.5","","65","","10","","9","","24.1","","95.12","","","","","","Clear"
"1998-03-31 14:00","1998","03","31","14:00"," ","8.8","","1.4","","60","","11","","11","","24.1","","95.09","","","","","","Clear"
"1998-03-31 15:00","1998","03","31","15:00"," ","9.5","","0.7","","54","","10","","7","","24.1","","95.06","","","","","","Clear"
"1998-03-31 16:00","1998","03","31","16:00"," ","10.0","","0.3","","51","","13","","6","","24.1","","95.06","","","","","","Clear"
"1998-03-31 17:00","1998","03","31","17:00"," ","9.6","","0.3","","52","","9","","7","","24.1","","95.06","","","","","","Clear"
"1998-03-31 18:00","1998","03","31","18:00"," ","8.6","","1.3","","60","","8","","6","","24.1","","95.09","","","","","","Clear"
"1998-03-31 19:00","1998","03","31","19:00"," ","6.9","","2.2","","72","","","","0","","24.1","","95.09","","","","","","Clear"
"1998-03-31 20:00","1998","03","31","20:00"," ","3.5","","1.2","","85","","","","0","","24.1","","95.12","","","","","","Clear"
"1998-03-31 21:00","1998","03","31","21:00"," ","2.1","","0.8","","91","","","","0","","24.1","","95.12","","","","","","Clear"
"1998-03-31 22:00","1998","03","31","22:00"," ","2.7","","-0.1","","82","","16","","7","","24.1","","95.09","","","","","","Clear"
"1998-03-31 23:00","1998","03","31","23:00"," ","0.5","","-0.7","","92","","","","0","","24.1","","95.12","","","","","","Clear"
